1068.965087890625,-249.84361267089844,-911.40380859375
1068.965087890625,-249.84361267089844,-911.4950561523438
1068.965087890625,-249.84361267089844,-911.7437133789062
1068.965087890625,-249.84361267089844,-912.147216796875
1068.965087890625,-249.84361267089844,-912.703125
1068.965087890625,-249.84361267089844,-913.408935546875
1068.965087890625,-249.84361267089844,-914.2621459960938
1068.965087890625,-249.84361267089844,-915.26025390625
1068.965087890625,-249.84361267089844,-916.4007568359375
1068.965087890625,-249.84361267089844,-917.68115234375
1068.965087890625,-249.84361267089844,-919.0989379882812
1068.965087890625,-249.84361267089844,-920.651611328125
1068.965087890625,-249.84361267089844,-922.3367309570312
1068.965087890625,-249.84361267089844,-924.1517333984375
1068.965087890625,-249.84361267089844,-926.0941162109375
1068.965087890625,-249.84361267089844,-928.1614379882812
1068.965087890625,-249.84361267089844,-930.3511352539062
1068.965087890625,-249.84361267089844,-932.6607666015625
1068.965087890625,-249.84361267089844,-935.0878295898438
1068.965087890625,-249.84361267089844,-937.6297607421875
1068.965087890625,-249.84361267089844,-940.2841186523438
1068.965087890625,-249.84361267089844,-943.0484008789062
1068.965087890625,-249.84361267089844,-945.9201049804688
1068.965087890625,-249.84361267089844,-948.896728515625
1068.965087890625,-249.84361267089844,-951.9757690429688
1068.965087890625,-249.84361267089844,-955.1547241210938
1068.965087890625,-249.84361267089844,-958.4310913085938
1068.965087890625,-249.84361267089844,-961.8023681640625
1068.965087890625,-249.84361267089844,-965.26611328125
1068.965087890625,-249.84361267089844,-968.8197631835938
1068.965087890625,-249.84361267089844,-972.4608154296875
1068.965087890625,-249.84361267089844,-976.1868286132812
1068.965087890625,-249.84361267089844,-979.9952392578125
1068.965087890625,-249.84361267089844,-983.8836059570312
1068.965087890625,-249.84361267089844,-987.8494262695312
1068.965087890625,-249.84361267089844,-991.89013671875
1068.965087890625,-249.84361267089844,-996.0032958984375
1068.965087890625,-249.84361267089844,-1000.1864013671875
1068.965087890625,-249.84361267089844,-1004.4369506835938
1068.965087890625,-249.84361267089844,-1008.75244140625
1068.965087890625,-249.84361267089844,-1013.13037109375
1068.965087890625,-249.84361267089844,-1017.5682373046875
1068.965087890625,-249.84361267089844,-1022.0635375976562
1068.965087890625,-249.84361267089844,-1026.61376953125
1068.965087890625,-249.84361267089844,-1031.2164306640625
1068.965087890625,-249.84361267089844,-1035.8690185546875
1068.965087890625,-249.84361267089844,-1040.569091796875
1068.965087890625,-249.84361267089844,-1045.3140869140625
1068.965087890625,-249.84361267089844,-1050.1015625
1068.965087890625,-249.84361267089844,-1054.928955078125
1068.965087890625,-249.84361267089844,-1059.7938232421875
1068.965087890625,-249.84361267089844,-1064.693603515625
1068.965087890625,-249.84361267089844,-1069.6258544921875
1068.965087890625,-249.84361267089844,-1074.588134765625
1068.965087890625,-249.84361267089844,-1079.577880859375
1068.965087890625,-249.84361267089844,-1084.592529296875
1068.965087890625,-249.84361267089844,-1089.629638671875
1068.965087890625,-249.84361267089844,-1094.686767578125
1068.965087890625,-249.84361267089844,-1099.7613525390625
1068.965087890625,-249.84361267089844,-1104.850830078125
1068.965087890625,-249.84361267089844,-1109.9527587890625
1068.965087890625,-249.84361267089844,-1115.064697265625
1068.965087890625,-249.84361267089844,-1120.18408203125
1068.965087890625,-249.84361267089844,-1125.3084716796875
1068.965087890625,-249.84361267089844,-1130.435302734375
1068.965087890625,-249.84361267089844,-1135.5621337890625
1068.965087890625,-249.84361267089844,-1140.6864013671875
1068.965087890625,-249.84361267089844,-1145.8056640625
1068.965087890625,-249.84361267089844,-1150.91748046875
1068.965087890625,-249.84361267089844,-1156.019287109375
1068.965087890625,-249.84361267089844,-1161.1085205078125
1068.965087890625,-249.84361267089844,-1166.1827392578125
1068.965087890625,-249.84361267089844,-1171.2393798828125
1068.965087890625,-249.84361267089844,-1176.2760009765625
1068.965087890625,-249.84361267089844,-1181.2901611328125
1068.965087890625,-249.84361267089844,-1186.279296875
1068.965087890625,-249.84361267089844,-1191.240966796875
1068.965087890625,-249.84361267089844,-1196.172607421875
1068.965087890625,-249.84361267089844,-1201.07177734375
1068.965087890625,-249.84361267089844,-1205.9359130859375
1068.965087890625,-249.84361267089844,-1210.7625732421875
1068.965087890625,-249.84361267089844,-1215.5491943359375
1068.965087890625,-249.84361267089844,-1220.2933349609375
1068.965087890625,-249.84361267089844,-1224.992431640625
1068.965087890625,-249.84361267089844,-1229.64404296875
1068.965087890625,-249.84361267089844,-1234.24560546875
1068.965087890625,-249.84361267089844,-1238.794677734375
1068.965087890625,-249.84361267089844,-1243.288818359375
1068.965087890625,-249.84361267089844,-1247.7254638671875
1068.965087890625,-249.84361267089844,-1252.10205078125
1068.965087890625,-249.84361267089844,-1256.4161376953125
1068.965087890625,-249.84361267089844,-1260.665283203125
1068.965087890625,-249.84361267089844,-1264.846923828125
1068.965087890625,-249.84361267089844,-1268.9586181640625
1068.965087890625,-249.84361267089844,-1272.997802734375
1068.965087890625,-249.84361267089844,-1276.9619140625
1068.965087890625,-249.84361267089844,-1280.8486328125
1068.965087890625,-249.84361267089844,-1284.6552734375
1068.965087890625,-249.84361267089844,-1288.3795166015625
1068.965087890625,-249.84361267089844,-1292.018798828125
1068.965087890625,-249.84361267089844,-1295.570556640625
1068.965087890625,-249.84361267089844,-1299.0323486328125
1068.965087890625,-249.84361267089844,-1302.401611328125
1068.965087890625,-249.84361267089844,-1305.6759033203125
1068.965087890625,-249.84361267089844,-1308.852783203125
1068.965087890625,-249.84361267089844,-1311.9296875
1068.965087890625,-249.84361267089844,-1314.904052734375
1068.965087890625,-249.84361267089844,-1317.7734375
1068.965087890625,-249.84361267089844,-1320.535400390625
1068.965087890625,-249.84361267089844,-1323.1873779296875
1068.965087890625,-249.84361267089844,-1325.7269287109375
1068.965087890625,-249.84361267089844,-1328.1514892578125
1068.965087890625,-249.84361267089844,-1330.4586181640625
1068.965087890625,-249.84361267089844,-1332.645751953125
1068.965087890625,-249.84361267089844,-1334.71044921875
1068.965087890625,-249.84361267089844,-1336.650146484375
1068.965087890625,-249.84361267089844,-1338.46240234375
1068.965087890625,-249.84361267089844,-1340.1446533203125
1068.965087890625,-249.84361267089844,-1341.6944580078125
1068.965087890625,-249.84361267089844,-1343.109375
1068.965087890625,-249.84361267089844,-1344.3868408203125
1068.965087890625,-249.84361267089844,-1345.5242919921875
1068.965087890625,-249.84361267089844,-1346.519287109375
1068.965087890625,-249.84361267089844,-1347.369384765625
1068.965087890625,-249.84361267089844,-1348.072021484375
1068.965087890625,-249.84361267089844,-1348.624755859375
1068.965087890625,-249.84361267089844,-1349.0250244140625
1068.965087890625,-249.84361267089844,-1349.270263671875
1068.965087890625,-249.84361267089844,-1349.357177734375
1068.9560546875,-249.84361267089844,-1350.5372314453125
1068.928955078125,-249.84361267089844,-1351.716796875
1068.8839111328125,-249.84361267089844,-1352.8958740234375
1068.8211669921875,-249.84361267089844,-1354.07421875
1068.74072265625,-249.84361267089844,-1355.2518310546875
1068.642822265625,-249.84361267089844,-1356.428466796875
1068.527587890625,-249.84361267089844,-1357.60400390625
1068.3951416015625,-249.84361267089844,-1358.7783203125
1068.24560546875,-249.84361267089844,-1359.951171875
1068.0792236328125,-249.84361267089844,-1361.12255859375
1067.89599609375,-249.84361267089844,-1362.292236328125
1067.6961669921875,-249.84361267089844,-1363.460205078125
1067.4798583984375,-249.84361267089844,-1364.626220703125
1067.2471923828125,-249.84361267089844,-1365.7901611328125
1066.998291015625,-249.84361267089844,-1366.951904296875
1066.7332763671875,-249.84361267089844,-1368.1112060546875
1066.452392578125,-249.84361267089844,-1369.26806640625
1066.1556396484375,-249.84361267089844,-1370.4222412109375
1065.84326171875,-249.84361267089844,-1371.5736083984375
1065.515380859375,-249.84361267089844,-1372.7220458984375
1065.172119140625,-249.84361267089844,-1373.867431640625
1064.8135986328125,-249.84361267089844,-1375.0096435546875
1064.43994140625,-249.84361267089844,-1376.1485595703125
1064.0513916015625,-249.84361267089844,-1377.283935546875
1063.64794921875,-249.84361267089844,-1378.415771484375
1063.2298583984375,-249.84361267089844,-1379.5438232421875
1062.7972412109375,-249.84361267089844,-1380.66796875
1062.3502197265625,-249.84361267089844,-1381.7880859375
1061.888916015625,-249.84361267089844,-1382.904052734375
1061.4134521484375,-249.84361267089844,-1384.015625
1060.924072265625,-249.84361267089844,-1385.122802734375
1060.4208984375,-249.84361267089844,-1386.225341796875
1059.9039306640625,-249.84361267089844,-1387.3231201171875
1059.3734130859375,-249.84361267089844,-1388.416015625
1058.8294677734375,-249.84361267089844,-1389.50390625
1058.272216796875,-249.84361267089844,-1390.586669921875
1057.701904296875,-249.84361267089844,-1391.6640625
1057.1185302734375,-249.84361267089844,-1392.736083984375
1056.5223388671875,-249.84361267089844,-1393.802490234375
1055.9134521484375,-249.84361267089844,-1394.8631591796875
1055.2919921875,-249.84361267089844,-1395.91796875
1054.6580810546875,-249.84361267089844,-1396.966796875
1054.0118408203125,-249.84361267089844,-1398.009521484375
1053.3533935546875,-249.84361267089844,-1399.0458984375
1052.6829833984375,-249.84361267089844,-1400.075927734375
1052.000732421875,-249.84361267089844,-1401.099365234375
1051.306640625,-249.84361267089844,-1402.1160888671875
1050.6009521484375,-249.84361267089844,-1403.1259765625
1049.8839111328125,-249.84361267089844,-1404.12890625
1049.155517578125,-249.84361267089844,-1405.124755859375
1048.4158935546875,-249.84361267089844,-1406.11328125
1047.665283203125,-249.84361267089844,-1407.0943603515625
1046.9036865234375,-249.84361267089844,-1408.0679931640625
1046.13134765625,-249.84361267089844,-1409.033935546875
1045.348388671875,-249.84361267089844,-1409.9920654296875
1044.554931640625,-249.84361267089844,-1410.9422607421875
1043.751220703125,-249.84361267089844,-1411.88427734375
1042.937255859375,-249.84361267089844,-1412.818115234375
1042.11328125,-249.84361267089844,-1413.7435302734375
1041.2794189453125,-249.84361267089844,-1414.660400390625
1040.4356689453125,-249.84361267089844,-1415.568603515625
1039.582275390625,-249.84361267089844,-1416.468017578125
1038.719482421875,-249.84361267089844,-1417.3585205078125
1037.8472900390625,-249.84361267089844,-1418.239990234375
1036.9658203125,-249.84361267089844,-1419.1121826171875
1036.0753173828125,-249.84361267089844,-1419.9749755859375
1035.1759033203125,-249.84361267089844,-1420.828369140625
1034.2677001953125,-249.84361267089844,-1421.672119140625
1033.350830078125,-249.84361267089844,-1422.5059814453125
1032.4254150390625,-249.84361267089844,-1423.3299560546875
1031.4915771484375,-249.84361267089844,-1424.1439208984375
1030.549560546875,-249.84361267089844,-1424.9476318359375
1029.599365234375,-249.84361267089844,-1425.7410888671875
1028.6412353515625,-249.84361267089844,-1426.5240478515625
1027.67529296875,-249.84361267089844,-1427.29638671875
1026.70166015625,-249.84361267089844,-1428.0579833984375
1025.720458984375,-249.84361267089844,-1428.80859375
1024.73193359375,-249.84361267089844,-1429.5482177734375
1023.7361450195312,-249.84361267089844,-1430.276611328125
1022.7332153320312,-249.84361267089844,-1430.99365234375
1021.7233276367188,-249.84361267089844,-1431.6993408203125
1020.7066040039062,-249.84361267089844,-1432.3934326171875
1019.6831665039062,-249.84361267089844,-1433.07568359375
1018.6531982421875,-249.84361267089844,-1433.74609375
1017.6167602539062,-249.84361267089844,-1434.404541015625
1016.5740356445312,-249.84361267089844,-1435.05078125
1015.5252075195312,-249.84361267089844,-1435.6846923828125
1014.4703979492188,-249.84361267089844,-1436.30615234375
1013.4097290039062,-249.84361267089844,-1436.9150390625
1012.3433227539062,-249.84361267089844,-1437.51123046875
1011.2713012695312,-249.84361267089844,-1438.0946044921875
1010.19384765625,-249.84361267089844,-1438.6649169921875
1009.111083984375,-249.84361267089844,-1439.22216796875
1008.023193359375,-249.84361267089844,-1439.76611328125
1006.9302978515625,-249.84361267089844,-1440.296630859375
1005.83251953125,-249.84361267089844,-1440.8135986328125
1004.72998046875,-249.84361267089844,-1441.3167724609375
1003.6228637695312,-249.84361267089844,-1441.80615234375
1002.5112915039062,-249.84361267089844,-1442.2816162109375
1001.3953857421875,-249.84361267089844,-1442.742919921875
1000.2752685546875,-249.84361267089844,-1443.18994140625
999.151123046875,-249.84361267089844,-1443.62255859375
998.0230712890625,-249.84361267089844,-1444.0406494140625
996.8912963867188,-249.84361267089844,-1444.444091796875
995.755859375,-249.84361267089844,-1444.8326416015625
994.616943359375,-249.84361267089844,-1445.206298828125
993.4747314453125,-249.84361267089844,-1445.5648193359375
992.3292846679688,-249.84361267089844,-1445.9080810546875
991.1807861328125,-249.84361267089844,-1446.2359619140625
990.0293579101562,-249.84361267089844,-1446.54833984375
988.8751831054688,-249.84361267089844,-1446.8450927734375
987.7183837890625,-249.84361267089844,-1447.1259765625
986.55908203125,-249.84361267089844,-1447.3909912109375
985.3973999023438,-249.84361267089844,-1447.639892578125
984.2335205078125,-249.84361267089844,-1447.87255859375
983.0675659179688,-249.84361267089844,-1448.0888671875
981.899658203125,-249.84361267089844,-1448.2886962890625
980.7299194335938,-249.84361267089844,-1448.471923828125
979.5585327148438,-249.84361267089844,-1448.6383056640625
978.3856201171875,-249.84361267089844,-1448.7877197265625
977.2113647460938,-249.84361267089844,-1448.920166015625
976.0358276367188,-249.84361267089844,-1449.035400390625
974.8591918945312,-249.84361267089844,-1449.13330078125
973.681640625,-249.84361267089844,-1449.2137451171875
972.5032348632812,-249.84361267089844,-1449.2764892578125
971.3241577148438,-249.84361267089844,-1449.321533203125
970.14453125,-249.84361267089844,-1449.3486328125
968.965087890625,-249.84361267089844,-1449.357177734375
968.9478759765625,-249.84361267089844,-1449.357177734375
968.912841796875,-249.84361267089844,-1449.357177734375
968.8601684570312,-249.84361267089844,-1449.357177734375
968.7899780273438,-249.84361267089844,-1449.357177734375
968.7024536132812,-249.84361267089844,-1449.357177734375
968.59765625,-249.84361267089844,-1449.357177734375
968.4757690429688,-249.84361267089844,-1449.357177734375
968.3369140625,-249.84361267089844,-1449.357177734375
968.1812133789062,-249.84361267089844,-1449.357177734375
968.0088500976562,-249.84361267089844,-1449.357177734375
967.8199462890625,-249.84361267089844,-1449.357177734375
967.6146240234375,-249.84361267089844,-1449.357177734375
967.3930053710938,-249.84361267089844,-1449.357177734375
967.1552734375,-249.84361267089844,-1449.357177734375
966.9015502929688,-249.84361267089844,-1449.357177734375
966.6319580078125,-249.84361267089844,-1449.357177734375
966.3466186523438,-249.84361267089844,-1449.357177734375
966.045654296875,-249.84361267089844,-1449.357177734375
965.729248046875,-249.84361267089844,-1449.357177734375
965.3975219726562,-249.84361267089844,-1449.357177734375
965.0505981445312,-249.84361267089844,-1449.357177734375
964.6886596679688,-249.84361267089844,-1449.357177734375
964.3118286132812,-249.84361267089844,-1449.357177734375
963.9202270507812,-249.84361267089844,-1449.357177734375
963.5139770507812,-249.84361267089844,-1449.357177734375
963.0932006835938,-249.84361267089844,-1449.357177734375
962.6580810546875,-249.84361267089844,-1449.357177734375
962.208740234375,-249.84361267089844,-1449.357177734375
961.7453002929688,-249.84361267089844,-1449.357177734375
961.2679443359375,-249.84361267089844,-1449.357177734375
960.7767333984375,-249.84361267089844,-1449.357177734375
960.2718505859375,-249.84361267089844,-1449.357177734375
959.75341796875,-249.84361267089844,-1449.357177734375
959.2216186523438,-249.84361267089844,-1449.357177734375
958.6765747070312,-249.84361267089844,-1449.357177734375
958.1183471679688,-249.84361267089844,-1449.357177734375
957.5471801757812,-249.84361267089844,-1449.357177734375
956.963134765625,-249.84361267089844,-1449.357177734375
956.3663940429688,-249.84361267089844,-1449.357177734375
955.757080078125,-249.84361267089844,-1449.357177734375
955.1353149414062,-249.84361267089844,-1449.357177734375
954.501220703125,-249.84361267089844,-1449.357177734375
953.85498046875,-249.84361267089844,-1449.357177734375
953.1967163085938,-249.84361267089844,-1449.357177734375
952.5265502929688,-249.84361267089844,-1449.357177734375
951.8446044921875,-249.84361267089844,-1449.357177734375
951.1510620117188,-249.84361267089844,-1449.357177734375
950.4459838867188,-249.84361267089844,-1449.357177734375
949.7296142578125,-249.84361267089844,-1449.357177734375
949.0020141601562,-249.84361267089844,-1449.357177734375
948.2633056640625,-249.84361267089844,-1449.357177734375
947.513671875,-249.84361267089844,-1449.357177734375
946.7532348632812,-249.84361267089844,-1449.357177734375
945.982177734375,-249.84361267089844,-1449.357177734375
945.2005615234375,-249.84361267089844,-1449.357177734375
944.4085693359375,-249.84361267089844,-1449.357177734375
943.6063232421875,-249.84361267089844,-1449.357177734375
942.7939453125,-249.84361267089844,-1449.357177734375
941.9716186523438,-249.84361267089844,-1449.357177734375
941.1394653320312,-249.84361267089844,-1449.357177734375
940.297607421875,-249.84361267089844,-1449.357177734375
939.4461669921875,-249.84361267089844,-1449.357177734375
938.5852661132812,-249.84361267089844,-1449.357177734375
937.715087890625,-249.84361267089844,-1449.357177734375
936.8357543945312,-249.84361267089844,-1449.357177734375
935.9473876953125,-249.84361267089844,-1449.357177734375
935.0501708984375,-249.84361267089844,-1449.357177734375
934.1442260742188,-249.84361267089844,-1449.357177734375
933.2296752929688,-249.84361267089844,-1449.357177734375
932.306640625,-249.84361267089844,-1449.357177734375
931.375244140625,-249.84361267089844,-1449.357177734375
930.4356689453125,-249.84361267089844,-1449.357177734375
929.488037109375,-249.84361267089844,-1449.357177734375
928.532470703125,-249.84361267089844,-1449.357177734375
927.5691528320312,-249.84361267089844,-1449.357177734375
926.59814453125,-249.84361267089844,-1449.357177734375
925.61962890625,-249.84361267089844,-1449.357177734375
924.6337280273438,-249.84361267089844,-1449.357177734375
923.640625,-249.84361267089844,-1449.357177734375
922.6404418945312,-249.84361267089844,-1449.357177734375
921.6332397460938,-249.84361267089844,-1449.357177734375
920.6192626953125,-249.84361267089844,-1449.357177734375
919.5985717773438,-249.84361267089844,-1449.357177734375
918.5713500976562,-249.84361267089844,-1449.357177734375
917.5377197265625,-249.84361267089844,-1449.357177734375
916.497802734375,-249.84361267089844,-1449.357177734375
915.4517211914062,-249.84361267089844,-1449.357177734375
914.399658203125,-249.84361267089844,-1449.357177734375
913.3417358398438,-249.84361267089844,-1449.357177734375
912.278076171875,-249.84361267089844,-1449.357177734375
911.2088012695312,-249.84361267089844,-1449.357177734375
910.1340942382812,-249.84361267089844,-1449.357177734375
909.0540161132812,-249.84361267089844,-1449.357177734375
907.9688110351562,-249.84361267089844,-1449.357177734375
906.8785400390625,-249.84361267089844,-1449.357177734375
905.7833251953125,-249.84361267089844,-1449.357177734375
904.683349609375,-249.84361267089844,-1449.357177734375
903.5787353515625,-249.84361267089844,-1449.357177734375
902.4696655273438,-249.84361267089844,-1449.357177734375
901.356201171875,-249.84361267089844,-1449.357177734375
900.238525390625,-249.84361267089844,-1449.357177734375
899.1167602539062,-249.84361267089844,-1449.357177734375
897.9910278320312,-249.84361267089844,-1449.357177734375
896.8615112304688,-249.84361267089844,-1449.357177734375
895.7283325195312,-249.84361267089844,-1449.357177734375
894.5916137695312,-249.84361267089844,-1449.357177734375
893.4514770507812,-249.84361267089844,-1449.357177734375
892.3080444335938,-249.84361267089844,-1449.357177734375
891.1614990234375,-249.84361267089844,-1449.357177734375
890.011962890625,-249.84361267089844,-1449.357177734375
888.8595581054688,-249.84361267089844,-1449.357177734375
887.7044677734375,-249.84361267089844,-1449.357177734375
886.5468139648438,-249.84361267089844,-1449.357177734375
885.38671875,-249.84361267089844,-1449.357177734375
884.2243041992188,-249.84361267089844,-1449.357177734375
883.0596923828125,-249.84361267089844,-1449.357177734375
881.89306640625,-249.84361267089844,-1449.357177734375
880.7245483398438,-249.84361267089844,-1449.357177734375
879.5542602539062,-249.84361267089844,-1449.357177734375
878.3823852539062,-249.84361267089844,-1449.357177734375
877.208984375,-249.84361267089844,-1449.357177734375
876.0342407226562,-249.84361267089844,-1449.357177734375
874.8582763671875,-249.84361267089844,-1449.357177734375
873.6812744140625,-249.84361267089844,-1449.357177734375
872.5032958984375,-249.84361267089844,-1449.357177734375
871.3245239257812,-249.84361267089844,-1449.357177734375
870.1450805664062,-249.84361267089844,-1449.357177734375
868.965087890625,-249.84361267089844,-1449.357177734375
867.7850952148438,-249.84361267089844,-1449.3662109375
866.60546875,-249.84361267089844,-1449.393310546875
865.4263916015625,-249.84361267089844,-1449.4383544921875
864.2479858398438,-249.84361267089844,-1449.5010986328125
863.0704345703125,-249.84361267089844,-1449.58154296875
861.893798828125,-249.84361267089844,-1449.679443359375
860.71826171875,-249.84361267089844,-1449.794677734375
859.5440063476562,-249.84361267089844,-1449.9271240234375
858.37109375,-249.84361267089844,-1450.07666015625
857.19970703125,-249.84361267089844,-1450.2430419921875
856.0299682617188,-249.84361267089844,-1450.42626953125
854.862060546875,-249.84361267089844,-1450.6260986328125
853.6961059570312,-249.84361267089844,-1450.8424072265625
852.5322265625,-249.84361267089844,-1451.0750732421875
851.3705444335938,-249.84361267089844,-1451.323974609375
850.2112426757812,-249.84361267089844,-1451.5889892578125
849.054443359375,-249.84361267089844,-1451.869873046875
847.9002685546875,-249.84361267089844,-1452.1666259765625
846.7488403320312,-249.84361267089844,-1452.47900390625
845.600341796875,-249.84361267089844,-1452.806884765625
844.4548950195312,-249.84361267089844,-1453.150146484375
843.3126831054688,-249.84361267089844,-1453.5086669921875
842.1737670898438,-249.84361267089844,-1453.88232421875
841.038330078125,-249.84361267089844,-1454.2708740234375
839.9065551757812,-249.84361267089844,-1454.67431640625
838.7785034179688,-249.84361267089844,-1455.0924072265625
837.6543579101562,-249.84361267089844,-1455.5250244140625
836.5342407226562,-249.84361267089844,-1455.9720458984375
835.4183349609375,-249.84361267089844,-1456.433349609375
834.3067626953125,-249.84361267089844,-1456.9088134765625
833.1996459960938,-249.84361267089844,-1457.398193359375
832.0971069335938,-249.84361267089844,-1457.9013671875
830.9993286132812,-249.84361267089844,-1458.4183349609375
829.9064331054688,-249.84361267089844,-1458.9488525390625
828.8185424804688,-249.84361267089844,-1459.4927978515625
827.7357788085938,-249.84361267089844,-1460.050048828125
826.6583251953125,-249.84361267089844,-1460.620361328125
825.5863037109375,-249.84361267089844,-1461.2037353515625
824.5198974609375,-249.84361267089844,-1461.7999267578125
823.459228515625,-249.84361267089844,-1462.4088134765625
822.4044189453125,-249.84361267089844,-1463.0302734375
821.3555908203125,-249.84361267089844,-1463.6641845703125
820.3128662109375,-249.84361267089844,-1464.3104248046875
819.2764282226562,-249.84361267089844,-1464.9688720703125
818.2464599609375,-249.84361267089844,-1465.6392822265625
817.2230224609375,-249.84361267089844,-1466.321533203125
816.206298828125,-249.84361267089844,-1467.015625
815.1964111328125,-249.84361267089844,-1467.7213134765625
814.1934814453125,-249.84361267089844,-1468.4383544921875
813.1976928710938,-249.84361267089844,-1469.166748046875
812.2091674804688,-249.84361267089844,-1469.9063720703125
811.22802734375,-249.84361267089844,-1470.656982421875
810.2544555664062,-249.84361267089844,-1471.4185791015625
809.2885131835938,-249.84361267089844,-1472.19091796875
808.3303833007812,-249.84361267089844,-1472.973876953125
807.3802490234375,-249.84361267089844,-1473.767333984375
806.438232421875,-249.84361267089844,-1474.571044921875
805.5044555664062,-249.84361267089844,-1475.385009765625
804.5790405273438,-249.84361267089844,-1476.208984375
803.6621704101562,-249.84361267089844,-1477.0428466796875
802.75390625,-249.84361267089844,-1477.8865966796875
801.8544921875,-249.84361267089844,-1478.739990234375
800.9639892578125,-249.84361267089844,-1479.602783203125
800.0825805664062,-249.84361267089844,-1480.4749755859375
799.2103881835938,-249.84361267089844,-1481.3564453125
798.3475341796875,-249.84361267089844,-1482.2469482421875
797.4942016601562,-249.84361267089844,-1483.1463623046875
796.6505126953125,-249.84361267089844,-1484.0545654296875
795.8165893554688,-249.84361267089844,-1484.971435546875
794.9926147460938,-249.84361267089844,-1485.8968505859375
794.1786499023438,-249.84361267089844,-1486.8306884765625
793.3749389648438,-249.84361267089844,-1487.772705078125
792.58154296875,-249.84361267089844,-1488.722900390625
791.7986450195312,-249.84361267089844,-1489.6810302734375
791.0263671875,-249.84361267089844,-1490.64697265625
790.2648315429688,-249.84361267089844,-1491.62060546875
789.5142211914062,-249.84361267089844,-1492.601806640625
788.7745971679688,-249.84361267089844,-1493.59033203125
788.0462036132812,-249.84361267089844,-1494.586181640625
787.3291015625,-249.84361267089844,-1495.589111328125
786.6234741210938,-249.84361267089844,-1496.5989990234375
785.929443359375,-249.84361267089844,-1497.61572265625
785.2471313476562,-249.84361267089844,-1498.63916015625
784.5767211914062,-249.84361267089844,-1499.669189453125
783.9183349609375,-249.84361267089844,-1500.70556640625
783.2720947265625,-249.84361267089844,-1501.748291015625
782.63818359375,-249.84361267089844,-1502.797119140625
782.0166625976562,-249.84361267089844,-1503.8519287109375
781.4077758789062,-249.84361267089844,-1504.91259765625
780.8115844726562,-249.84361267089844,-1505.97900390625
780.228271484375,-249.84361267089844,-1507.051025390625
779.657958984375,-249.84361267089844,-1508.12841796875
779.1007690429688,-249.84361267089844,-1509.211181640625
778.556884765625,-249.84361267089844,-1510.299072265625
778.0263671875,-249.84361267089844,-1511.3919677734375
777.5094604492188,-249.84361267089844,-1512.48974609375
777.0062255859375,-249.84361267089844,-1513.59228515625
776.516845703125,-249.84361267089844,-1514.699462890625
776.0414428710938,-249.84361267089844,-1515.81103515625
775.5801391601562,-249.84361267089844,-1516.927001953125
775.1331176757812,-249.84361267089844,-1518.047119140625
774.7005004882812,-249.84361267089844,-1519.1712646484375
774.2824096679688,-249.84361267089844,-1520.29931640625
773.8790283203125,-249.84361267089844,-1521.43115234375
773.4904174804688,-249.84361267089844,-1522.5665283203125
773.1168212890625,-249.84361267089844,-1523.7054443359375
772.75830078125,-249.84361267089844,-1524.84765625
772.4150390625,-249.84361267089844,-1525.9930419921875
772.087158203125,-249.84361267089844,-1527.1414794921875
771.7747802734375,-249.84361267089844,-1528.2928466796875
771.4780883789062,-249.84361267089844,-1529.447021484375
771.1971435546875,-249.84361267089844,-1530.6038818359375
770.9321899414062,-249.84361267089844,-1531.76318359375
770.6832885742188,-249.84361267089844,-1532.9248046875
770.4506225585938,-249.84361267089844,-1534.0887451171875
770.2343139648438,-249.84361267089844,-1535.2547607421875
770.0344848632812,-249.84361267089844,-1536.4227294921875
769.851318359375,-249.84361267089844,-1537.5924072265625
769.6849365234375,-249.84361267089844,-1538.7637939453125
769.5354614257812,-249.84361267089844,-1539.9366455078125
769.403076171875,-249.84361267089844,-1541.1109619140625
769.287841796875,-249.84361267089844,-1542.2864990234375
769.18994140625,-249.84361267089844,-1543.463134765625
769.1095581054688,-249.84361267089844,-1544.6407470703125
769.0468139648438,-249.84361267089844,-1545.819091796875
769.0018310546875,-249.84361267089844,-1546.9981689453125
768.9747314453125,-249.84361267089844,-1548.177734375
768.965087890625,-249.84361267089844,-1549.357177734375
768.965087890625,-249.84361267089844,-1549.429931640625
768.965087890625,-249.84361267089844,-1549.6304931640625
768.965087890625,-249.84361267089844,-1549.9569091796875
768.965087890625,-249.84361267089844,-1550.4072265625
768.965087890625,-249.84361267089844,-1550.9796142578125
768.965087890625,-249.84361267089844,-1551.6722412109375
768.965087890625,-249.84361267089844,-1552.483154296875
768.965087890625,-249.84361267089844,-1553.4105224609375
768.965087890625,-249.84361267089844,-1554.4525146484375
768.965087890625,-249.84361267089844,-1555.607177734375
768.965087890625,-249.84361267089844,-1556.87255859375
768.965087890625,-249.84361267089844,-1558.2469482421875
768.965087890625,-249.84361267089844,-1559.728271484375
768.965087890625,-249.84361267089844,-1561.3148193359375
768.965087890625,-249.84361267089844,-1563.004638671875
768.965087890625,-249.84361267089844,-1564.7957763671875
768.965087890625,-249.84361267089844,-1566.6864013671875
768.965087890625,-249.84361267089844,-1568.6746826171875
768.965087890625,-249.84361267089844,-1570.7586669921875
768.965087890625,-249.84361267089844,-1572.9365234375
768.965087890625,-249.84361267089844,-1575.2064208984375
768.965087890625,-249.84361267089844,-1577.56640625
768.965087890625,-249.84361267089844,-1580.0145263671875
768.965087890625,-249.84361267089844,-1582.5489501953125
768.965087890625,-249.84361267089844,-1585.1678466796875
768.965087890625,-249.84361267089844,-1587.8692626953125
768.965087890625,-249.84361267089844,-1590.6513671875
768.965087890625,-249.84361267089844,-1593.5123291015625
768.965087890625,-249.84361267089844,-1596.4501953125
768.965087890625,-249.84361267089844,-1599.463134765625
768.965087890625,-249.84361267089844,-1602.5491943359375
768.965087890625,-249.84361267089844,-1605.70654296875
768.965087890625,-249.84361267089844,-1608.9332275390625
768.965087890625,-249.84361267089844,-1612.2274169921875
768.965087890625,-249.84361267089844,-1615.5872802734375
768.965087890625,-249.84361267089844,-1619.0108642578125
768.965087890625,-249.84361267089844,-1622.496337890625
768.965087890625,-249.84361267089844,-1626.041748046875
768.965087890625,-249.84361267089844,-1629.645263671875
768.965087890625,-249.84361267089844,-1633.304931640625
768.965087890625,-249.84361267089844,-1637.0189208984375
768.965087890625,-249.84361267089844,-1640.785400390625
768.965087890625,-249.84361267089844,-1644.6024169921875
768.965087890625,-249.84361267089844,-1648.4681396484375
768.965087890625,-249.84361267089844,-1652.380615234375
768.965087890625,-249.84361267089844,-1656.3380126953125
768.965087890625,-249.84361267089844,-1660.3385009765625
768.965087890625,-249.84361267089844,-1664.380126953125
768.965087890625,-249.84361267089844,-1668.4610595703125
768.965087890625,-249.84361267089844,-1672.579345703125
768.965087890625,-249.84361267089844,-1676.733154296875
768.965087890625,-249.84361267089844,-1680.9205322265625
768.965087890625,-249.84361267089844,-1685.1396484375
768.965087890625,-249.84361267089844,-1689.388671875
768.965087890625,-249.84361267089844,-1693.6656494140625
768.965087890625,-249.84361267089844,-1697.96875
768.965087890625,-249.84361267089844,-1702.2960205078125
768.965087890625,-249.84361267089844,-1706.6456298828125
768.965087890625,-249.84361267089844,-1711.0157470703125
768.965087890625,-249.84361267089844,-1715.4044189453125
768.965087890625,-249.84361267089844,-1719.8096923828125
768.965087890625,-249.84361267089844,-1724.2298583984375
768.965087890625,-249.84361267089844,-1728.6629638671875
768.965087890625,-249.84361267089844,-1733.1070556640625
768.965087890625,-249.84361267089844,-1737.560302734375
768.965087890625,-249.84361267089844,-1742.0208740234375
768.965087890625,-249.84361267089844,-1746.48681640625
768.965087890625,-249.84361267089844,-1750.956298828125
768.965087890625,-249.84361267089844,-1755.4273681640625
768.965087890625,-249.84361267089844,-1759.898193359375
768.965087890625,-249.84361267089844,-1764.3668212890625
768.965087890625,-249.84361267089844,-1768.8314208984375
768.965087890625,-249.84361267089844,-1773.2901611328125
768.965087890625,-249.84361267089844,-1777.7410888671875
768.965087890625,-249.84361267089844,-1782.182373046875
768.965087890625,-249.84361267089844,-1786.612060546875
768.965087890625,-249.84361267089844,-1791.0283203125
768.965087890625,-249.84361267089844,-1795.4293212890625
768.965087890625,-249.84361267089844,-1799.8131103515625
768.965087890625,-249.84361267089844,-1804.1778564453125
768.965087890625,-249.84361267089844,-1808.5216064453125
768.965087890625,-249.84361267089844,-1812.842529296875
768.965087890625,-249.84361267089844,-1817.138671875
768.965087890625,-249.84361267089844,-1821.408203125
768.965087890625,-249.84361267089844,-1825.6492919921875
768.965087890625,-249.84361267089844,-1829.8599853515625
768.965087890625,-249.84361267089844,-1834.0384521484375
768.965087890625,-249.84361267089844,-1838.1827392578125
768.965087890625,-249.84361267089844,-1842.291015625
768.965087890625,-249.84361267089844,-1846.3614501953125
768.965087890625,-249.84361267089844,-1850.39208984375
768.965087890625,-249.84361267089844,-1854.381103515625
768.965087890625,-249.84361267089844,-1858.3265380859375
768.965087890625,-249.84361267089844,-1862.2265625
768.965087890625,-249.84361267089844,-1866.0792236328125
768.965087890625,-249.84361267089844,-1869.8826904296875
768.965087890625,-249.84361267089844,-1873.6351318359375
768.965087890625,-249.84361267089844,-1877.3345947265625
768.965087890625,-249.84361267089844,-1880.979248046875
768.965087890625,-249.84361267089844,-1884.567138671875
768.965087890625,-249.84361267089844,-1888.096435546875
768.965087890625,-249.84361267089844,-1891.565185546875
768.965087890625,-249.84361267089844,-1894.9716796875
768.965087890625,-249.84361267089844,-1898.3138427734375
768.965087890625,-249.84361267089844,-1901.58984375
768.965087890625,-249.84361267089844,-1904.7978515625
768.965087890625,-249.84361267089844,-1907.93603515625
768.965087890625,-249.84361267089844,-1911.00244140625
768.965087890625,-249.84361267089844,-1913.9951171875
768.965087890625,-249.84361267089844,-1916.9122314453125
768.965087890625,-249.84361267089844,-1919.751953125
768.965087890625,-249.84361267089844,-1922.5123291015625
768.965087890625,-249.84361267089844,-1925.1915283203125
768.965087890625,-249.84361267089844,-1927.7877197265625
768.965087890625,-249.84361267089844,-1930.2989501953125
768.965087890625,-249.84361267089844,-1932.7232666015625
768.965087890625,-249.84361267089844,-1935.0589599609375
768.965087890625,-249.84361267089844,-1937.303955078125
768.965087890625,-249.84361267089844,-1939.45654296875
768.965087890625,-249.84361267089844,-1941.5147705078125
768.965087890625,-249.84361267089844,-1943.4766845703125
768.965087890625,-249.84361267089844,-1945.3404541015625
768.965087890625,-249.84361267089844,-1947.104248046875
768.965087890625,-249.84361267089844,-1948.76611328125
768.965087890625,-249.84361267089844,-1950.32421875
768.965087890625,-249.84361267089844,-1951.7767333984375
768.965087890625,-249.84361267089844,-1953.1217041015625
768.965087890625,-249.84361267089844,-1954.357177734375
768.9495849609375,-249.84361267089844,-1958.6793212890625
768.9030151367188,-249.84361267089844,-1962.9573974609375
768.8253784179688,-249.84361267089844,-1967.191650390625
768.7166137695312,-249.84361267089844,-1971.3822021484375
768.57666015625,-249.84361267089844,-1975.5291748046875
768.4054565429688,-249.84361267089844,-1979.6326904296875
768.2030029296875,-249.84361267089844,-1983.6929931640625
767.96923828125,-249.84361267089844,-1987.710205078125
767.7041015625,-249.84361267089844,-1991.6844482421875
767.4075317382812,-249.84361267089844,-1995.615966796875
767.0795288085938,-249.84361267089844,-1999.5048828125
766.7200317382812,-249.84361267089844,-2003.351318359375
766.3289794921875,-249.84361267089844,-2007.155517578125
765.9063110351562,-249.84361267089844,-2010.9176025390625
765.4520263671875,-249.84361267089844,-2014.6376953125
764.9660034179688,-249.84361267089844,-2018.3160400390625
764.4482421875,-249.84361267089844,-2021.9527587890625
763.8987426757812,-249.84361267089844,-2025.5479736328125
763.3173828125,-249.84361267089844,-2029.1019287109375
762.7041625976562,-249.84361267089844,-2032.6146240234375
762.0590209960938,-249.84361267089844,-2036.08642578125
761.3819580078125,-249.84361267089844,-2039.517333984375
760.6728515625,-249.84361267089844,-2042.9075927734375
759.9317016601562,-249.84361267089844,-2046.25732421875
759.158447265625,-249.84361267089844,-2049.566650390625
758.35302734375,-249.84361267089844,-2052.8359375
757.5154418945312,-249.84361267089844,-2056.065185546875
756.6456298828125,-249.84361267089844,-2059.25439453125
755.7435302734375,-249.84361267089844,-2062.404052734375
754.80908203125,-249.84361267089844,-2065.51416015625
753.84228515625,-249.84361267089844,-2068.584716796875
752.843017578125,-249.84361267089844,-2071.615966796875
751.811279296875,-249.84361267089844,-2074.608154296875
750.7470703125,-249.84361267089844,-2077.5615234375
749.6502685546875,-249.84361267089844,-2080.47607421875
748.5208740234375,-249.84361267089844,-2083.35205078125
747.3588256835938,-249.84361267089844,-2086.189697265625
746.1640625,-249.84361267089844,-2088.989013671875
744.9365844726562,-249.84361267089844,-2091.750244140625
743.67626953125,-249.84361267089844,-2094.4736328125
742.3831176757812,-249.84361267089844,-2097.1591796875
741.05712890625,-249.84361267089844,-2099.80712890625
739.6981811523438,-249.84361267089844,-2102.41748046875
738.3062744140625,-249.84361267089844,-2104.990478515625
736.88134765625,-249.84361267089844,-2107.5263671875
735.42333984375,-249.84361267089844,-2110.025390625
733.9322509765625,-249.84361267089844,-2112.487548828125
732.407958984375,-249.84361267089844,-2114.9130859375
730.8504638671875,-249.84361267089844,-2117.302001953125
729.259765625,-249.84361267089844,-2119.654541015625
727.6357421875,-249.84361267089844,-2121.970947265625
725.9783935546875,-249.84361267089844,-2124.25146484375
724.2876586914062,-249.84361267089844,-2126.49609375
722.5634765625,-249.84361267089844,-2128.704833984375
720.8058471679688,-249.84361267089844,-2130.878173828125
719.0146484375,-249.84361267089844,-2133.01611328125
717.1898803710938,-249.84361267089844,-2135.118896484375
715.3314819335938,-249.84361267089844,-2137.1865234375
713.439453125,-249.84361267089844,-2139.21923828125
711.5137329101562,-249.84361267089844,-2141.21728515625
709.5542602539062,-249.84361267089844,-2143.1806640625
707.5609741210938,-249.84361267089844,-2145.109619140625
705.5338134765625,-249.84361267089844,-2147.00439453125
703.4727783203125,-249.84361267089844,-2148.864990234375
701.3778076171875,-249.84361267089844,-2150.691650390625
699.2488403320312,-249.84361267089844,-2152.484619140625
697.0858154296875,-249.84361267089844,-2154.243896484375
694.8887329101562,-249.84361267089844,-2155.9697265625
692.6575317382812,-249.84361267089844,-2157.662353515625
690.3921508789062,-249.84361267089844,-2159.32177734375
688.0925903320312,-249.84361267089844,-2160.9482421875
685.7587280273438,-249.84361267089844,-2162.541748046875
683.3905639648438,-249.84361267089844,-2164.102783203125
680.988037109375,-249.84361267089844,-2165.63134765625
678.5511474609375,-249.84361267089844,-2167.12744140625
676.0797729492188,-249.84361267089844,-2168.59130859375
673.5739135742188,-249.84361267089844,-2170.023193359375
671.0335693359375,-249.84361267089844,-2171.42333984375
668.4586181640625,-249.84361267089844,-2172.791748046875
665.8490600585938,-249.84361267089844,-2174.128662109375
663.204833984375,-249.84361267089844,-2175.43408203125
660.52587890625,-249.84361267089844,-2176.708251953125
657.8121337890625,-249.84361267089844,-2177.951416015625
655.0635986328125,-249.84361267089844,-2179.163818359375
652.2802124023438,-249.84361267089844,-2180.345458984375
649.4619140625,-249.84361267089844,-2181.49658203125
646.608642578125,-249.84361267089844,-2182.6171875
643.7203979492188,-249.84361267089844,-2183.70751953125
640.797119140625,-249.84361267089844,-2184.767822265625
637.8387451171875,-249.84361267089844,-2185.798095703125
634.84521484375,-249.84361267089844,-2186.798583984375
631.8165283203125,-249.84361267089844,-2187.76953125
628.7526245117188,-249.84361267089844,-2188.7109375
625.6534423828125,-249.84361267089844,-2189.623046875
622.5189208984375,-249.84361267089844,-2190.506103515625
619.3490600585938,-249.84361267089844,-2191.360107421875
616.1437377929688,-249.84361267089844,-2192.185302734375
612.9030151367188,-249.84361267089844,-2192.98193359375
609.6267700195312,-249.84361267089844,-2193.75
606.31494140625,-249.84361267089844,-2194.48974609375
602.967529296875,-249.84361267089844,-2195.201416015625
599.58447265625,-249.84361267089844,-2195.885009765625
596.165771484375,-249.84361267089844,-2196.540771484375
592.7113037109375,-249.84361267089844,-2197.1689453125
589.2210693359375,-249.84361267089844,-2197.76953125
585.6950073242188,-249.84361267089844,-2198.3427734375
582.1331176757812,-249.84361267089844,-2198.888916015625
578.5352783203125,-249.84361267089844,-2199.407958984375
574.9014892578125,-249.84361267089844,-2199.900146484375
571.231689453125,-249.84361267089844,-2200.365478515625
567.5258178710938,-249.84361267089844,-2200.804443359375
563.7838745117188,-249.84361267089844,-2201.216796875
560.0057983398438,-249.84361267089844,-2201.60302734375
556.1915283203125,-249.84361267089844,-2201.963134765625
552.3410034179688,-249.84361267089844,-2202.29736328125
548.4542236328125,-249.84361267089844,-2202.605712890625
544.5310668945312,-249.84361267089844,-2202.888671875
540.571533203125,-249.84361267089844,-2203.14599609375
536.5756225585938,-249.84361267089844,-2203.378173828125
532.543212890625,-249.84361267089844,-2203.585205078125
528.4743041992188,-249.84361267089844,-2203.767333984375
524.3688354492188,-249.84361267089844,-2203.924560546875
520.2267456054688,-249.84361267089844,-2204.05712890625
516.0480346679688,-249.84361267089844,-2204.165283203125
511.8326110839844,-249.84361267089844,-2204.2490234375
507.5804443359375,-249.84361267089844,-2204.30859375
503.29150390625,-249.84361267089844,-2204.34423828125
498.965087890625,-249.84361267089844,-2204.357177734375
494.6068115234375,-249.8358154296875,-2204.391845703125
490.32452392578125,-249.81256103515625,-2204.494873046875
486.1171569824219,-249.7740478515625,-2204.665283203125
481.98370361328125,-249.72044372558594,-2204.902099609375
477.9231262207031,-249.65194702148438,-2205.2041015625
473.9343566894531,-249.56875610351562,-2205.5703125
470.0163879394531,-249.47103881835938,-2205.99951171875
466.16815185546875,-249.35899353027344,-2206.49072265625
462.3886413574219,-249.23280334472656,-2207.042724609375
458.67681884765625,-249.09266662597656,-2207.654541015625
455.0316162109375,-248.9387664794922,-2208.3251953125
451.4520263671875,-248.7712860107422,-2209.053466796875
447.93701171875,-248.5904083251953,-2209.838134765625
444.48553466796875,-248.39633178710938,-2210.678466796875
441.0965270996094,-248.18923950195312,-2211.572998046875
437.76898193359375,-247.96932983398438,-2212.520751953125
434.5018615722656,-247.7367706298828,-2213.520751953125
431.29412841796875,-247.49176025390625,-2214.57177734375
428.14471435546875,-247.2344970703125,-2215.6728515625
425.0526123046875,-246.96514892578125,-2216.822998046875
422.01678466796875,-246.6839141845703,-2218.02099609375
419.03619384765625,-246.3909912109375,-2219.265625
416.10980224609375,-246.0865478515625,-2220.555908203125
413.236572265625,-245.77078247070312,-2221.890869140625
410.41546630859375,-245.44387817382812,-2223.269287109375
407.6454162597656,-245.1060333251953,-2224.68994140625
404.9254150390625,-244.75743103027344,-2226.152099609375
402.2544250488281,-244.39825439453125,-2227.654296875
399.63140869140625,-244.0286865234375,-2229.19580078125
397.0553283691406,-243.64892578125,-2230.775390625
394.525146484375,-243.2591552734375,-2232.391845703125
392.0398254394531,-242.85955810546875,-2234.044189453125
389.59832763671875,-242.45033264160156,-2235.7314453125
387.1996154785156,-242.0316619873047,-2237.452392578125
384.8426513671875,-241.60372924804688,-2239.205810546875
382.5263977050781,-241.16673278808594,-2240.99072265625
380.24981689453125,-240.72085571289062,-2242.80615234375
378.0118713378906,-240.2662811279297,-2244.65087890625
375.8115234375,-239.80320739746094,-2246.52392578125
373.6477355957031,-239.33181762695312,-2248.424072265625
371.5195007324219,-238.852294921875,-2250.350341796875
369.4257507324219,-238.3648223876953,-2252.3017578125
367.3654479980469,-237.86959838867188,-2254.277099609375
365.3375549316406,-237.36680603027344,-2256.275146484375
363.3410339355469,-236.8566436767578,-2258.294921875
361.3748474121094,-236.3392791748047,-2260.33544921875
359.43798828125,-235.81491088867188,-2262.3955078125
357.5293884277344,-235.2837371826172,-2264.47412109375
355.64801025390625,-234.7459259033203,-2266.570068359375
353.7928161621094,-234.20167541503906,-2268.682373046875
351.9627685546875,-233.65118408203125,-2270.809814453125
350.1568603515625,-233.09461975097656,-2272.951416015625
348.3740234375,-232.5321807861328,-2275.10595703125
346.61322021484375,-231.96405029296875,-2277.2724609375
344.8734436035156,-231.3904266357422,-2279.449951171875
343.15362548828125,-230.81149291992188,-2281.63720703125
341.4527282714844,-230.22743225097656,-2283.833251953125
339.7697448730469,-229.638427734375,-2286.036865234375
338.1036071777344,-229.044677734375,-2288.246826171875
336.4532775878906,-228.4463653564453,-2290.46240234375
334.8177490234375,-227.8436737060547,-2292.682373046875
333.1959533691406,-227.23680114746094,-2294.905517578125
331.58685302734375,-226.6259307861328,-2297.130859375
329.98944091796875,-226.01124572753906,-2299.357177734375
328.40264892578125,-225.3929443359375,-2301.58349609375
326.8254699707031,-224.77120971679688,-2303.808837890625
325.2568359375,-224.14622497558594,-2306.031982421875
323.69573974609375,-223.5181884765625,-2308.251953125
322.14111328125,-222.8872833251953,-2310.467529296875
320.5919494628906,-222.25369262695312,-2312.677490234375
319.04718017578125,-221.6175994873047,-2314.881103515625
317.50579833984375,-220.9792022705078,-2317.0771484375
315.96673583984375,-220.33868408203125,-2319.264404296875
314.4289855957031,-219.6962432861328,-2321.44189453125
312.8914794921875,-219.05206298828125,-2323.6083984375
311.35321044921875,-218.4063262939453,-2325.762939453125
309.8131408691406,-217.75921630859375,-2327.904541015625
308.27020263671875,-217.11093139648438,-2330.031982421875
306.723388671875,-216.46165466308594,-2332.144287109375
305.1716613769531,-215.8115692138672,-2334.240234375
303.61395263671875,-215.16087341308594,-2336.31884765625
302.04925537109375,-214.50973510742188,-2338.37890625
300.4765319824219,-213.85836791992188,-2340.41943359375
298.89471435546875,-213.20693969726562,-2342.439208984375
297.30279541015625,-212.55564880371094,-2344.437255859375
295.6997375488281,-211.90467834472656,-2346.41259765625
294.0845031738281,-211.2542266845703,-2348.364013671875
292.4560241699219,-210.60447692871094,-2350.290283203125
290.81329345703125,-209.9556121826172,-2352.1904296875
289.1552734375,-209.3078155517578,-2354.0634765625
287.4809265136719,-208.66128540039062,-2355.908203125
285.7891845703125,-208.01620483398438,-2357.7236328125
284.07904052734375,-207.3727569580078,-2359.508544921875
282.3494567871094,-206.73114013671875,-2361.261962890625
280.5993957519531,-206.09153747558594,-2362.98291015625
278.82781982421875,-205.45413208007812,-2364.670166015625
277.03369140625,-204.81912231445312,-2366.322509765625
275.2159729003906,-204.1866912841797,-2367.93896484375
273.3736267089844,-203.55702209472656,-2369.5185546875
271.5055847167969,-202.9302978515625,-2371.06005859375
269.61083984375,-202.3067169189453,-2372.562255859375
267.6883544921875,-201.68646240234375,-2374.0244140625
265.7370910644531,-201.06973266601562,-2375.445068359375
263.7560119628906,-200.45669555664062,-2376.823486328125
261.74407958984375,-199.84754943847656,-2378.158447265625
259.70025634765625,-199.24249267578125,-2379.44873046875
257.6235046386719,-198.64170837402344,-2380.693359375
255.51280212402344,-198.04537963867188,-2381.891357421875
253.36709594726562,-197.4536895751953,-2383.04150390625
251.1853485107422,-196.86683654785156,-2384.142578125
248.96652221679688,-196.2849884033203,-2385.193603515625
246.70957946777344,-195.70835876464844,-2386.193603515625
244.41348266601562,-195.13711547851562,-2387.141357421875
242.07720947265625,-194.5714569091797,-2388.035888671875
239.69970703125,-194.01156616210938,-2388.876220703125
237.27993774414062,-193.4576416015625,-2389.660888671875
234.81687927246094,-192.9098663330078,-2390.38916015625
232.30947875976562,-192.36842346191406,-2391.059814453125
229.75669860839844,-191.83349609375,-2391.671630859375
227.1575164794922,-191.30528259277344,-2392.2236328125
224.51087951660156,-190.78396606445312,-2392.71484375
221.81576538085938,-190.2697296142578,-2393.14404296875
219.0711212158203,-189.7627716064453,-2393.51025390625
216.2759246826172,-189.26327514648438,-2393.812255859375
213.4291229248047,-188.77142333984375,-2394.049072265625
210.52969360351562,-188.28741455078125,-2394.219482421875
207.5765838623047,-187.81143188476562,-2394.322509765625
204.5686798095703,-187.34361267089844,-2394.357177734375
203.13832092285156,-187.1235809326172,-2394.34619140625
201.7244415283203,-186.9029541015625,-2394.313720703125
200.32681274414062,-186.68173217773438,-2394.259765625
198.94520568847656,-186.45993041992188,-2394.18505859375
197.57937622070312,-186.23753356933594,-2394.089599609375
196.22909545898438,-186.01455688476562,-2393.973876953125
194.8941192626953,-185.79098510742188,-2393.83837890625
193.57420349121094,-185.56683349609375,-2393.683349609375
192.2691192626953,-185.34210205078125,-2393.509033203125
190.9786376953125,-185.11679077148438,-2393.31591796875
189.7025146484375,-184.8909149169922,-2393.104248046875
188.4405059814453,-184.66445922851562,-2392.874267578125
187.1923828125,-184.43743896484375,-2392.62646484375
185.95791625976562,-184.20985412597656,-2392.361083984375
184.7368621826172,-183.98170471191406,-2392.07861328125
183.5289764404297,-183.75299072265625,-2391.779296875
182.3340301513672,-183.52371215820312,-2391.46337890625
181.15179443359375,-183.2938690185547,-2391.13134765625
179.9820098876953,-183.0634765625,-2390.78369140625
178.824462890625,-182.83253479003906,-2390.42041015625
177.6789093017578,-182.60104370117188,-2390.042236328125
176.54510498046875,-182.36900329589844,-2389.649169921875
175.42282104492188,-182.13641357421875,-2389.24169921875
174.3118133544922,-181.9032745361328,-2388.820068359375
173.21185302734375,-181.6696014404297,-2388.384765625
172.12269592285156,-181.4353790283203,-2387.93603515625
171.0441131591797,-181.20062255859375,-2387.474365234375
169.97586059570312,-180.96533203125,-2387.0
168.91770935058594,-180.72950744628906,-2386.51318359375
167.86941528320312,-180.4931640625,-2386.014404296875
166.83074951171875,-180.25628662109375,-2385.50390625
165.8014678955078,-180.01889038085938,-2384.982177734375
164.78134155273438,-179.78097534179688,-2384.449462890625
163.77012634277344,-179.54254150390625,-2383.906005859375
162.76759338378906,-179.3035888671875,-2383.352294921875
161.77349853515625,-179.06411743164062,-2382.78857421875
160.78759765625,-178.82412719726562,-2382.21533203125
159.80967712402344,-178.58363342285156,-2381.6328125
158.8394775390625,-178.34263610839844,-2381.041259765625
157.87677001953125,-178.1011199951172,-2380.441162109375
156.92132568359375,-177.85910034179688,-2379.832763671875
155.972900390625,-177.61659240722656,-2379.216552734375
155.03125,-177.3735809326172,-2378.5927734375
154.0961456298828,-177.1300811767578,-2377.9619140625
153.1673583984375,-176.88607788085938,-2377.323974609375
152.24464416503906,-176.64158630371094,-2376.6796875
151.3277587890625,-176.3966064453125,-2376.029052734375
150.41647338867188,-176.15113830566406,-2375.37255859375
149.51055908203125,-175.90518188476562,-2374.710693359375
148.60977172851562,-175.65875244140625,-2374.043701171875
147.7138671875,-175.41183471679688,-2373.371826171875
146.82261657714844,-175.16444396972656,-2372.695556640625
145.93577575683594,-174.9165802001953,-2372.01513671875
145.05311584472656,-174.66824340820312,-2371.3310546875
144.17440795898438,-174.41943359375,-2370.6435546875
143.29940795898438,-174.170166015625,-2369.952880859375
142.42787170410156,-173.92042541503906,-2369.259521484375
141.5595703125,-173.67022705078125,-2368.563720703125
140.6942596435547,-173.41957092285156,-2367.86572265625
139.8317108154297,-173.16845703125,-2367.166015625
138.9716796875,-172.91688537597656,-2366.465087890625
138.1139373779297,-172.66485595703125,-2365.762939453125
137.25823974609375,-172.41238403320312,-2365.060302734375
136.40435791015625,-172.15945434570312,-2364.357177734375
135.5520477294922,-171.9060821533203,-2363.654052734375
134.70108032226562,-171.6522674560547,-2362.951416015625
133.85121154785156,-171.39801025390625,-2362.249267578125
133.00221252441406,-171.14332580566406,-2361.54833984375
132.15383911132812,-170.88819885253906,-2360.8486328125
131.30584716796875,-170.6326446533203,-2360.150634765625
130.45802307128906,-170.37664794921875,-2359.454833984375
129.610107421875,-170.12022399902344,-2358.761474609375
128.76187133789062,-169.86337280273438,-2358.07080078125
127.9130859375,-169.60609436035156,-2357.38330078125
127.06350708007812,-169.34840393066406,-2356.69921875
126.21289825439453,-169.0902862548828,-2356.018798828125
125.36102294921875,-168.83175659179688,-2355.342529296875
124.50764465332031,-168.57281494140625,-2354.670654296875
123.65252685546875,-168.31346130371094,-2354.003662109375
122.7954330444336,-168.05369567871094,-2353.341796875
121.93612670898438,-167.79351806640625,-2352.685302734375
121.07437133789062,-167.53294372558594,-2352.03466796875
120.20993041992188,-167.27195739746094,-2351.390380859375
119.34256744384766,-167.0105743408203,-2350.75244140625
118.47203826904297,-166.74879455566406,-2350.12158203125
117.59811401367188,-166.4866180419922,-2349.497802734375
116.7205581665039,-166.2240447998047,-2348.881591796875
115.8391342163086,-165.96109008789062,-2348.273193359375
114.95360565185547,-165.69773864746094,-2347.673095703125
114.06372833251953,-165.4340057373047,-2347.08154296875
113.16927337646484,-165.16989135742188,-2346.4990234375
112.27000427246094,-164.9053955078125,-2345.92578125
111.36567687988281,-164.64051818847656,-2345.362060546875
110.45606231689453,-164.37525939941406,-2344.808349609375
109.5409164428711,-164.10963439941406,-2344.264892578125
108.62001037597656,-163.8436279296875,-2343.732177734375
107.69309997558594,-163.57725524902344,-2343.21044921875
106.75995635986328,-163.31051635742188,-2342.699951171875
105.8203353881836,-163.0434112548828,-2342.201171875
104.87400817871094,-162.7759552001953,-2341.71435546875
103.92073059082031,-162.5081329345703,-2341.239990234375
102.96026611328125,-162.23995971679688,-2340.7783203125
101.99238586425781,-161.97142028808594,-2340.32958984375
101.016845703125,-161.70252990722656,-2339.894287109375
100.03340911865234,-161.43328857421875,-2339.47265625
99.04183959960938,-161.16371154785156,-2339.065185546875
98.04190826416016,-160.89378356933594,-2338.672119140625
97.03337097167969,-160.62350463867188,-2338.2939453125
96.0159912109375,-160.35289001464844,-2337.9306640625
94.98953247070312,-160.08193969726562,-2337.5830078125
93.9537582397461,-159.81065368652344,-2337.2509765625
92.90843200683594,-159.53903198242188,-2336.93505859375
91.85331726074219,-159.26707458496094,-2336.6357421875
90.78817749023438,-158.9947967529297,-2336.353271484375
89.71277618408203,-158.72219848632812,-2336.087890625
88.62687683105469,-158.4492645263672,-2335.840087890625
87.53024291992188,-158.17601013183594,-2335.610107421875
86.42263793945312,-157.90243530273438,-2335.3984375
85.30382537841797,-157.62855529785156,-2335.205322265625
84.1735610961914,-157.35435485839844,-2335.031005859375
83.0316162109375,-157.07984924316406,-2334.8759765625
81.87775421142578,-156.80502319335938,-2334.740478515625
80.71173858642578,-156.52989196777344,-2334.624755859375
79.5333251953125,-156.25445556640625,-2334.529296875
78.34228515625,-155.9787139892578,-2334.45458984375
77.13838195800781,-155.7026824951172,-2334.400634765625
75.92137145996094,-155.4263458251953,-2334.3681640625
74.69092559814453,-155.1497802734375,-2334.357177734375
73.4525375366211,-154.87286376953125,-2334.357177734375
72.21157836914062,-154.5956573486328,-2334.357177734375
70.96807098388672,-154.3181610107422,-2334.357177734375
69.72203826904297,-154.04037475585938,-2334.357177734375
68.47349548339844,-153.76231384277344,-2334.357177734375
67.22246551513672,-153.4839630126953,-2334.357177734375
65.9689712524414,-153.20533752441406,-2334.357177734375
64.7130355834961,-152.9264373779297,-2334.357177734375
63.454673767089844,-152.6472625732422,-2334.357177734375
62.19390869140625,-152.36781311035156,-2334.357177734375
60.930763244628906,-152.0880889892578,-2334.357177734375
59.66525650024414,-151.80810546875,-2334.357177734375
58.39740753173828,-151.52786254882812,-2334.357177734375
57.12723922729492,-151.2473602294922,-2334.357177734375
55.85477066040039,-150.9665985107422,-2334.357177734375
54.58002471923828,-150.68557739257812,-2334.357177734375
53.30302047729492,-150.404296875,-2334.357177734375
52.023780822753906,-150.12277221679688,-2334.357177734375
50.74232482910156,-149.8409881591797,-2334.357177734375
49.45867156982422,-149.5589599609375,-2334.357177734375
48.17284393310547,-149.2766876220703,-2334.357177734375
46.884864807128906,-148.99417114257812,-2334.357177734375
45.594749450683594,-148.71141052246094,-2334.357177734375
44.30252456665039,-148.4284210205078,-2334.357177734375
43.00820541381836,-148.1451873779297,-2334.357177734375
41.711814880371094,-147.86172485351562,-2334.357177734375
40.41337585449219,-147.57803344726562,-2334.357177734375
39.11290740966797,-147.2941131591797,-2334.357177734375
37.810428619384766,-147.0099639892578,-2334.357177734375
36.50596237182617,-146.72560119628906,-2334.357177734375
35.19953155517578,-146.44100952148438,-2334.357177734375
33.891151428222656,-146.1562042236328,-2334.357177734375
32.580848693847656,-145.87118530273438,-2334.357177734375
31.268640518188477,-145.58595275878906,-2334.357177734375
29.954547882080078,-145.30050659179688,-2334.357177734375
28.638591766357422,-145.0148468017578,-2334.357177734375
27.32079315185547,-144.72897338867188,-2334.357177734375
26.00117301940918,-144.44290161132812,-2334.357177734375
24.679752349853516,-144.15663146972656,-2334.357177734375
23.356550216674805,-143.8701629638672,-2334.357177734375
22.03158950805664,-143.58349609375,-2334.357177734375
20.70488929748535,-143.296630859375,-2334.357177734375
19.3764705657959,-143.0095672607422,-2334.357177734375
18.046354293823242,-142.72232055664062,-2334.357177734375
16.714561462402344,-142.4348907470703,-2334.357177734375
15.38111400604248,-142.14727783203125,-2334.357177734375
14.04603099822998,-141.85948181152344,-2334.357177734375
12.709334373474121,-141.57150268554688,-2334.357177734375
11.371044158935547,-141.28334045410156,-2334.357177734375
10.031181335449219,-140.99501037597656,-2334.357177734375
8.689765930175781,-140.7064971923828,-2334.357177734375
7.3468194007873535,-140.41781616210938,-2334.357177734375
6.002362251281738,-140.12896728515625,-2334.357177734375
4.6564154624938965,-139.83995056152344,-2334.357177734375
3.309000015258789,-139.55076599121094,-2334.357177734375
1.9601362943649292,-139.2614288330078,-2334.357177734375
0.6098451614379883,-138.971923828125,-2334.357177734375
-0.7418526411056519,-138.68226623535156,-2334.357177734375
-2.0949363708496094,-138.3924560546875,-2334.357177734375
-3.449385166168213,-138.1024932861328,-2334.357177734375
-4.805178642272949,-137.8123779296875,-2334.357177734375
-6.162295818328857,-137.52212524414062,-2334.357177734375
-7.520715713500977,-137.23171997070312,-2334.357177734375
-8.880417823791504,-136.94117736816406,-2334.357177734375
-10.24138069152832,-136.65049743652344,-2334.357177734375
-11.603584289550781,-136.35968017578125,-2334.357177734375
-12.967008590698242,-136.0687255859375,-2334.357177734375
-14.331631660461426,-135.7776336669922,-2334.357177734375
-15.697433471679688,-135.48641967773438,-2334.357177734375
-17.06439208984375,-135.195068359375,-2334.357177734375
-18.43248748779297,-134.90359497070312,-2334.357177734375
-19.801698684692383,-134.61199951171875,-2334.357177734375
-21.172006607055664,-134.32028198242188,-2334.357177734375
-22.54338836669922,-134.0284423828125,-2334.357177734375
-23.915822982788086,-133.7364959716797,-2334.357177734375
-25.289291381835938,-133.44442749023438,-2334.357177734375
-26.663772583007812,-133.15225219726562,-2334.357177734375
-28.03924560546875,-132.85997009277344,-2334.357177734375
-29.41568946838379,-132.5675811767578,-2334.357177734375
-30.79308319091797,-132.27508544921875,-2334.357177734375
-32.17140579223633,-131.9824981689453,-2334.357177734375
-33.550636291503906,-131.68980407714844,-2334.357177734375
-34.930755615234375,-131.3970184326172,-2334.357177734375
-36.31174087524414,-131.10414123535156,-2334.357177734375
-37.693572998046875,-130.81117248535156,-2334.357177734375
-39.076229095458984,-130.5181121826172,-2334.357177734375
-40.45969009399414,-130.22496032714844,-2334.357177734375
-41.843936920166016,-129.9317169189453,-2334.357177734375
-43.228946685791016,-129.63839721679688,-2334.357177734375
-44.61470031738281,-129.34500122070312,-2334.357177734375
-46.00117492675781,-129.05152893066406,-2334.357177734375
-47.38834762573242,-128.7579803466797,-2334.357177734375
-48.77620315551758,-128.46435546875,-2334.357177734375
-50.16471862792969,-128.170654296875,-2334.357177734375
-51.553871154785156,-127.87689208984375,-2334.357177734375
-52.943641662597656,-127.58306121826172,-2334.357177734375
-54.33401107788086,-127.28916931152344,-2334.357177734375
-55.72495651245117,-126.9952163696289,-2334.357177734375
-57.116455078125,-126.70120239257812,-2334.357177734375
-58.50849151611328,-126.40713500976562,-2334.357177734375
-59.901039123535156,-126.1130142211914,-2334.357177734375
-61.29408264160156,-125.81884002685547,-2334.357177734375
-62.687599182128906,-125.52462005615234,-2334.357177734375
-64.0815658569336,-125.23035430908203,-2334.357177734375
-65.47596740722656,-124.93604278564453,-2334.357177734375
-66.87077331542969,-124.64168548583984,-2334.357177734375
-68.2659683227539,-124.3472900390625,-2334.357177734375
-69.66153717041016,-124.0528564453125,-2334.357177734375
-71.05744934082031,-123.75839233398438,-2334.357177734375
-72.45368957519531,-123.46389770507812,-2334.357177734375
-73.85023498535156,-123.16937255859375,-2334.357177734375
-75.2470703125,-122.87481689453125,-2334.357177734375
-76.64417266845703,-122.58023834228516,-2334.357177734375
-78.04151916503906,-122.28563690185547,-2334.357177734375
-79.4390869140625,-121.99101257324219,-2334.357177734375
-80.83685302734375,-121.69637298583984,-2334.357177734375
-82.23480224609375,-121.40171813964844,-2334.357177734375
-83.6329116821289,-121.10704803466797,-2334.357177734375
-85.03116607666016,-120.81237030029297,-2334.357177734375
-86.4295425415039,-120.51768493652344,-2334.357177734375
-87.82801818847656,-120.22299194335938,-2334.357177734375
-89.22657012939453,-119.92829132080078,-2334.357177734375
-90.62517547607422,-119.63359069824219,-2334.357177734375
-92.02381896972656,-119.3388900756836,-2334.357177734375
-93.42247772216797,-119.04419708251953,-2334.357177734375
-94.82113647460938,-118.74951171875,-2334.357177734375
-96.21976470947266,-118.454833984375,-2334.357177734375
-97.61834716796875,-118.16004943847656,-2334.357177734375
-99.01686096191406,-117.86539459228516,-2334.357177734375
-100.41529083251953,-117.57075500488281,-2334.357177734375
-101.81361389160156,-117.27613067626953,-2334.357177734375
-103.21180725097656,-116.98152923583984,-2334.357177734375
-104.60984802246094,-116.68695068359375,-2334.357177734375
-106.00772094726562,-116.39239501953125,-2334.357177734375
-107.40540313720703,-116.09786987304688,-2334.357177734375
-108.80287170410156,-115.80337524414062,-2334.357177734375
-110.20010375976562,-115.5089111328125,-2334.357177734375
-111.59708404541016,-115.21448516845703,-2334.357177734375
-112.99378967285156,-114.92008972167969,-2334.357177734375
-114.39019775390625,-114.62574005126953,-2334.357177734375
-115.78629302978516,-114.33142852783203,-2334.357177734375
-117.18205261230469,-114.03716278076172,-2334.357177734375
-118.57745361328125,-113.7429428100586,-2334.357177734375
-119.97247314453125,-113.44877624511719,-2334.357177734375
-121.36709594726562,-113.15465545654297,-2334.357177734375
-122.76129913330078,-112.86058807373047,-2334.357177734375
-124.15505981445312,-112.56658172607422,-2334.357177734375
-125.54835510253906,-112.27262878417969,-2334.357177734375
-126.94116973876953,-111.9787368774414,-2334.357177734375
-128.33348083496094,-111.6849136352539,-2334.357177734375
-129.7252655029297,-111.39115142822266,-2334.357177734375
-131.11651611328125,-111.09745788574219,-2334.357177734375
-132.5072021484375,-110.80384063720703,-2334.357177734375
-133.8972930908203,-110.51029205322266,-2334.357177734375
-135.28677368164062,-110.2168197631836,-2334.357177734375
-136.67562866210938,-109.92342376708984,-2334.357177734375
-138.0638427734375,-109.63011169433594,-2334.357177734375
-139.45138549804688,-109.33688354492188,-2334.357177734375
-140.83824157714844,-109.04373931884766,-2334.357177734375
-142.22438049316406,-108.75067901611328,-2334.357177734375
-143.6097869873047,-108.45771026611328,-2334.357177734375
-144.99444580078125,-108.16483306884766,-2334.357177734375
-146.37832641601562,-107.8720474243164,-2334.357177734375
-147.76141357421875,-107.57936096191406,-2334.357177734375
-149.14369201660156,-107.28677368164062,-2334.357177734375
-150.52513122558594,-106.9942855834961,-2334.357177734375
-151.9057159423828,-106.701904296875,-2334.357177734375
-153.28543090820312,-106.40962982177734,-2334.357177734375
-154.66424560546875,-106.11746215820312,-2334.357177734375
-156.04214477539062,-105.82540893554688,-2334.357177734375
-157.41909790039062,-105.5334701538086,-2334.357177734375
-158.7950897216797,-105.24164581298828,-2334.357177734375
-160.17010498046875,-104.94993591308594,-2334.357177734375
-161.5441131591797,-104.6583480834961,-2334.357177734375
-162.9171142578125,-104.36688232421875,-2334.357177734375
-164.2890625,-104.07554626464844,-2334.357177734375
-165.65994262695312,-103.78433990478516,-2334.357177734375
-167.0297393798828,-103.4932632446289,-2334.357177734375
-168.3984375,-103.20231628417969,-2334.357177734375
-169.76600646972656,-102.91150665283203,-2334.357177734375
-171.13243103027344,-102.62083435058594,-2334.357177734375
-172.49769592285156,-102.3302993774414,-2334.357177734375
-173.8617706298828,-102.03990936279297,-2334.357177734375
-175.22463989257812,-101.74966430664062,-2334.357177734375
-176.58627319335938,-101.45956420898438,-2334.357177734375
-177.9466552734375,-101.16961669921875,-2334.357177734375
-179.30577087402344,-100.87982177734375,-2334.357177734375
-180.66358947753906,-100.59017944335938,-2334.357177734375
-182.0200958251953,-100.30068969726562,-2334.357177734375
-183.37527465820312,-100.01136016845703,-2334.357177734375
-184.72909545898438,-99.7221908569336,-2334.357177734375
-186.08154296875,-99.43318939208984,-2334.357177734375
-187.43258666992188,-99.14435577392578,-2334.357177734375
-188.7822265625,-98.8556900024414,-2334.357177734375
-190.1304168701172,-98.56719207763672,-2334.357177734375
-191.47715759277344,-98.27886962890625,-2334.357177734375
-192.82241821289062,-97.99072265625,-2334.357177734375
-194.1661834716797,-97.70275115966797,-2334.357177734375
-195.5084228515625,-97.41496276855469,-2334.357177734375
-196.84912109375,-97.12735748291016,-2334.357177734375
-198.18826293945312,-96.83993530273438,-2334.357177734375
-199.52581787109375,-96.55270385742188,-2334.357177734375
-200.8617706298828,-96.26566314697266,-2334.357177734375
-202.19610595703125,-95.97881317138672,-2334.357177734375
-203.52879333496094,-95.69215393066406,-2334.357177734375
-204.8598175048828,-95.40569305419922,-2334.357177734375
-206.18914794921875,-95.11943054199219,-2334.357177734375
-207.5167694091797,-94.8333740234375,-2334.357177734375
-208.84266662597656,-94.54752349853516,-2334.357177734375
-210.1668243408203,-94.26187896728516,-2334.357177734375
-211.4892120361328,-93.9764404296875,-2334.357177734375
-212.80979919433594,-93.69121551513672,-2334.357177734375
-214.1285858154297,-93.40620422363281,-2334.357177734375
-215.44554138183594,-93.12140655517578,-2334.357177734375
-216.76063537597656,-92.83683013916016,-2334.357177734375
-218.0738525390625,-92.55247497558594,-2334.357177734375
-219.3851776123047,-92.26834106445312,-2334.357177734375
-220.69459533691406,-91.98443603515625,-2334.357177734375
-222.0020751953125,-91.70075988769531,-2334.357177734375
-223.30760192871094,-91.41731262207031,-2334.357177734375
-224.61114501953125,-91.13410186767578,-2334.357177734375
-225.91268920898438,-90.85112762451172,-2334.357177734375
-227.21221923828125,-90.56838989257812,-2334.357177734375
-228.5097198486328,-90.285888671875,-2334.357177734375
-229.80516052246094,-90.00363159179688,-2334.357177734375
-231.0985107421875,-89.72161865234375,-2334.357177734375
-232.3897705078125,-89.43985748291016,-2334.357177734375
-233.67889404296875,-89.15834045410156,-2334.357177734375
-234.96588134765625,-88.8770751953125,-2334.357177734375
-236.25070190429688,-88.5960693359375,-2334.357177734375
-237.53334045410156,-88.31532287597656,-2334.357177734375
-238.81378173828125,-88.03483581542969,-2334.357177734375
-240.0919952392578,-87.75460815429688,-2334.357177734375
-241.36795043945312,-87.47464752197266,-2334.357177734375
-242.6416473388672,-87.1949462890625,-2334.357177734375
-243.91305541992188,-86.91551971435547,-2334.357177734375
-245.18215942382812,-86.63636016845703,-2334.357177734375
-246.4489288330078,-86.35747528076172,-2334.357177734375
-247.71334838867188,-86.07886505126953,-2334.357177734375
-248.97540283203125,-85.800537109375,-2334.357177734375
-250.2350616455078,-85.52249145507812,-2334.357177734375
-251.4923095703125,-85.2447280883789,-2334.357177734375
-252.7471160888672,-84.96724700927734,-2334.357177734375
-253.9994659423828,-84.69005584716797,-2334.357177734375
-255.2493438720703,-84.41315460205078,-2334.357177734375
-256.4967346191406,-84.13655090332031,-2334.357177734375
-257.7416076660156,-83.86023712158203,-2334.357177734375
-258.98394775390625,-83.58422088623047,-2334.357177734375
-260.2237243652344,-83.30850982666016,-2334.357177734375
-261.4609069824219,-83.03309631347656,-2334.357177734375
-262.69549560546875,-82.75798797607422,-2334.357177734375
-263.9274597167969,-82.48318481445312,-2334.357177734375
-265.15679931640625,-82.20869445800781,-2334.357177734375
-266.38348388671875,-81.93451690673828,-2334.357177734375
-267.60748291015625,-81.66065216064453,-2334.357177734375
-268.8287658691406,-81.38710021972656,-2334.357177734375
-270.043701171875,-81.1138687133789,-2334.3681640625
-271.2487487792969,-80.8409652709961,-2334.400634765625
-272.44403076171875,-80.5683822631836,-2334.45458984375
-273.6297302246094,-80.29612731933594,-2334.529296875
-274.80596923828125,-80.02420043945312,-2334.624755859375
-275.9729309082031,-79.75260162353516,-2334.740478515625
-277.1307373046875,-79.48133850097656,-2334.8759765625
-278.279541015625,-79.21041107177734,-2335.031005859375
-279.4195251464844,-78.9398193359375,-2335.205322265625
-280.5508117675781,-78.66957092285156,-2335.3984375
-281.6735534667969,-78.39966583251953,-2335.610107421875
-282.78790283203125,-78.1301040649414,-2335.840087890625
-283.8940124511719,-77.86089324951172,-2336.087890625
-284.9920349121094,-77.59203338623047,-2336.353271484375
-286.0821228027344,-77.32352447509766,-2336.6357421875
-287.1644287109375,-77.05537414550781,-2336.93505859375
-288.2391052246094,-76.7875747680664,-2337.2509765625
-289.3063049316406,-76.5201416015625,-2337.5830078125
-290.3661804199219,-76.25306701660156,-2337.9306640625
-291.4188537597656,-75.98635864257812,-2338.2939453125
-292.4645080566406,-75.72001647949219,-2338.672119140625
-293.5032958984375,-75.45404052734375,-2339.065185546875
-294.53533935546875,-75.18843841552734,-2339.47265625
-295.5608215332031,-74.92321014404297,-2339.894287109375
-296.5798645019531,-74.65835571289062,-2340.32958984375
-297.5926208496094,-74.39388275146484,-2340.7783203125
-298.5992736816406,-74.12979125976562,-2341.239990234375
-299.5999450683594,-73.86608123779297,-2341.71435546875
-300.59478759765625,-73.6027603149414,-2342.201171875
-301.5839538574219,-73.33982849121094,-2342.699951171875
-302.5675964355469,-73.07728576660156,-2343.21044921875
-303.5458679199219,-72.81513977050781,-2343.732177734375
-304.5189208984375,-72.55339050292969,-2344.264892578125
-305.4869079589844,-72.29203796386719,-2344.808349609375
-306.4499816894531,-72.03108215332031,-2345.362060546875
-307.4082946777344,-71.7705307006836,-2345.92578125
-308.36199951171875,-71.51038360595703,-2346.4990234375
-309.31121826171875,-71.25064849853516,-2347.08154296875
-310.2561340332031,-70.99131774902344,-2347.673095703125
-311.1968994140625,-70.7323989868164,-2348.273193359375
-312.1336364746094,-70.4738998413086,-2348.881591796875
-313.0665283203125,-70.21581268310547,-2349.497802734375
-313.9956970214844,-69.95814514160156,-2350.12158203125
-314.92132568359375,-69.7009048461914,-2350.75244140625
-315.8435363769531,-69.44408416748047,-2351.390380859375
-316.7624816894531,-69.18769073486328,-2352.03466796875
-317.6783142089844,-68.93173217773438,-2352.685302734375
-318.5911865234375,-68.67620086669922,-2353.341796875
-319.50128173828125,-68.42110443115234,-2354.003662109375
-320.4087219238281,-68.16644287109375,-2354.670654296875
-321.31365966796875,-67.91222381591797,-2355.342529296875
-322.21624755859375,-67.658447265625,-2356.018798828125
-323.1166076660156,-67.40511322021484,-2356.69921875
-324.0149230957031,-67.1522216796875,-2357.38330078125
-324.9113464355469,-66.8997802734375,-2358.07080078125
-325.8060302734375,-66.64778900146484,-2358.761474609375
-326.6990966796875,-66.39624786376953,-2359.454833984375
-327.5907287597656,-66.1451644897461,-2360.150634765625
-328.4810485839844,-65.89453887939453,-2360.8486328125
-329.3702392578125,-65.64437103271484,-2361.54833984375
-330.2584228515625,-65.39466857910156,-2362.249267578125
-331.1457824707031,-65.14543151855469,-2362.951416015625
-332.0324401855469,-64.89665985107422,-2363.654052734375
-332.9185485839844,-64.64836120605469,-2364.357177734375
-333.8042907714844,-64.4005355834961,-2365.060302734375
-334.6897888183594,-64.15318298339844,-2365.762939453125
-335.5751953125,-63.906307220458984,-2366.465087890625
-336.4606628417969,-63.659908294677734,-2367.166015625
-337.3463439941406,-63.41399383544922,-2367.86572265625
-338.2323913574219,-63.16856002807617,-2368.563720703125
-339.11895751953125,-62.923614501953125,-2369.259521484375
-340.00616455078125,-62.67915725708008,-2369.952880859375
-340.8941955566406,-62.4351921081543,-2370.6435546875
-341.783203125,-62.19171905517578,-2371.3310546875
-342.67333984375,-61.9487419128418,-2372.01513671875
-343.5647277832031,-61.70626449584961,-2372.695556640625
-344.4575500488281,-61.46428680419922,-2373.371826171875
-345.3519287109375,-61.22281265258789,-2374.043701171875
-346.248046875,-60.98184585571289,-2374.710693359375
-347.1460266113281,-60.74138641357422,-2375.37255859375
-348.0460205078125,-60.50143814086914,-2376.029052734375
-348.9482116699219,-60.262001037597656,-2376.6796875
-349.85272216796875,-60.02307891845703,-2377.323974609375
-350.75970458984375,-59.78467559814453,-2377.9619140625
-351.6693115234375,-59.546791076660156,-2378.5927734375
-352.5816955566406,-59.30942916870117,-2379.216552734375
-353.49700927734375,-59.072593688964844,-2379.832763671875
-354.4154052734375,-58.83628463745117,-2380.441162109375
-355.3370361328125,-58.60050582885742,-2381.041259765625
-356.2620544433594,-58.365257263183594,-2381.6328125
-357.19061279296875,-58.13054275512695,-2382.21533203125
-358.1228332519531,-57.896366119384766,-2382.78857421875
-359.05889892578125,-57.66272735595703,-2383.352294921875
-359.99896240234375,-57.429630279541016,-2383.906005859375
-360.9431457519531,-57.197078704833984,-2384.449462890625
-361.8916320800781,-56.96507263183594,-2384.982177734375
-362.84454345703125,-56.73361587524414,-2385.50390625
-363.80206298828125,-56.502708435058594,-2386.014404296875
-364.7643127441406,-56.27235412597656,-2386.51318359375
-365.7314453125,-56.04255676269531,-2387.0
-366.70361328125,-55.813316345214844,-2387.474365234375
-367.6809997558594,-55.58463668823242,-2387.93603515625
-368.6637268066406,-55.35652160644531,-2388.384765625
-369.6519470214844,-55.128971099853516,-2388.820068359375
-370.64581298828125,-54.9019889831543,-2389.24169921875
-371.6454772949219,-54.675575256347656,-2389.649169921875
-372.6510925292969,-54.44973373413086,-2390.042236328125
-373.66278076171875,-54.22446823120117,-2390.42041015625
-374.68072509765625,-53.999778747558594,-2390.78369140625
-375.705078125,-53.77566909790039,-2391.13134765625
-376.7359924316406,-53.55214309692383,-2391.46337890625
-377.7735900878906,-53.329200744628906,-2391.779296875
-378.81805419921875,-53.10684585571289,-2392.07861328125
-379.8695068359375,-52.88508224487305,-2392.361083984375
-380.9281311035156,-52.663909912109375,-2392.62646484375
-381.9940490722656,-52.443328857421875,-2392.874267578125
-383.06744384765625,-52.22334671020508,-2393.104248046875
-384.1484375,-52.003963470458984,-2393.31591796875
-385.2371826171875,-51.785179138183594,-2393.509033203125
-386.3338317871094,-51.56700134277344,-2393.683349609375
-387.43853759765625,-51.34942626953125,-2393.83837890625
-388.55145263671875,-51.13246154785156,-2393.973876953125
-389.6727294921875,-50.916107177734375,-2394.089599609375
-390.8025207519531,-50.70036697387695,-2394.18505859375
-391.94097900390625,-50.4852409362793,-2394.259765625
-393.0882568359375,-50.27073287963867,-2394.313720703125
-394.2445068359375,-50.056846618652344,-2394.34619140625
-395.4100036621094,-49.84361267089844,-2394.357177734375
-399.32904052734375,-49.12954330444336,-2394.325439453125
-403.15203857421875,-48.43134689331055,-2394.23095703125
-406.8807067871094,-47.74852752685547,-2394.07470703125
-410.51678466796875,-47.080589294433594,-2393.857666015625
-414.06201171875,-46.427040100097656,-2393.580810546875
-417.5180969238281,-45.787384033203125,-2393.2451171875
-420.8868103027344,-45.161128997802734,-2392.8515625
-424.1698913574219,-44.54777908325195,-2392.4013671875
-427.3690490722656,-43.94683837890625,-2391.895263671875
-430.48602294921875,-43.35781478881836,-2391.334228515625
-433.5225524902344,-42.78021240234375,-2390.719482421875
-436.4803771972656,-42.21353530883789,-2390.052001953125
-439.3612365722656,-41.65728759765625,-2389.33251953125
-442.1668701171875,-41.11097717285156,-2388.562255859375
-444.8990173339844,-40.5741081237793,-2387.7421875
-447.55938720703125,-40.04618835449219,-2386.873291015625
-450.1497497558594,-39.5267219543457,-2385.95654296875
-452.67181396484375,-39.01521301269531,-2384.992919921875
-455.1273193359375,-38.511165618896484,-2383.983642578125
-457.51800537109375,-38.01408767700195,-2382.929443359375
-459.8456115722656,-37.52348709106445,-2381.831298828125
-462.11187744140625,-37.03886413574219,-2380.6904296875
-464.31854248046875,-36.55972671508789,-2379.507568359375
-466.46734619140625,-36.08557891845703,-2378.283935546875
-468.55999755859375,-35.615928649902344,-2377.0205078125
-470.5982360839844,-35.15027618408203,-2375.718017578125
-472.5838317871094,-34.688133239746094,-2374.377685546875
-474.51849365234375,-34.229000091552734,-2373.00048828125
-476.4039611816406,-33.77238464355469,-2371.58740234375
-478.2419738769531,-33.31779098510742,-2370.139404296875
-480.03424072265625,-32.86472702026367,-2368.65771484375
-481.78253173828125,-32.41269302368164,-2367.14306640625
-483.4885559082031,-31.961198806762695,-2365.596435546875
-485.1540832519531,-31.509748458862305,-2364.01904296875
-486.78082275390625,-31.05784797668457,-2362.41162109375
-488.3705139160156,-30.60500144958496,-2360.775390625
-489.9248962402344,-30.150714874267578,-2359.111328125
-491.4457092285156,-29.694494247436523,-2357.420166015625
-492.9346923828125,-29.235843658447266,-2355.703125
-494.3935852050781,-28.774269104003906,-2353.961181640625
-495.8240966796875,-28.309274673461914,-2352.1953125
-497.2279968261719,-27.840368270874023,-2350.406494140625
-498.60699462890625,-27.367053985595703,-2348.595947265625
-499.96282958984375,-26.888835906982422,-2346.764404296875
-501.2972412109375,-26.40522003173828,-2344.912841796875
-502.6119689941406,-25.915712356567383,-2343.04248046875
-503.90875244140625,-25.419818878173828,-2341.154052734375
-505.1893310546875,-24.917043685913086,-2339.248779296875
-506.4554138183594,-24.406892776489258,-2337.32763671875
-507.7087707519531,-23.888872146606445,-2335.391357421875
-508.95111083984375,-23.362485885620117,-2333.441162109375
-510.1842041015625,-22.827239990234375,-2331.47802734375
-511.4097595214844,-22.282638549804688,-2329.5029296875
-512.6295166015625,-21.72818946838379,-2327.516845703125
-513.84521484375,-21.163394927978516,-2325.520751953125
-515.05859375,-20.5877628326416,-2323.515869140625
-516.2713623046875,-20.000797271728516,-2321.5029296875
-517.4852905273438,-19.40200424194336,-2319.48291015625
-518.7020874023438,-18.7908878326416,-2317.45703125
-519.9235229492188,-18.166955947875977,-2315.426025390625
-521.1513061523438,-17.529712677001953,-2313.39111328125
-522.3871459960938,-16.878662109375,-2311.353271484375
-523.6328125,-16.21331024169922,-2309.3134765625
-524.8900146484375,-15.533163070678711,-2307.272705078125
-526.1605224609375,-14.837725639343262,-2305.23193359375
-527.4461059570312,-14.126502990722656,-2303.192138671875
-528.7484130859375,-13.399001121520996,-2301.154296875
-530.0692138671875,-12.654725074768066,-2299.119384765625
-531.4102783203125,-11.893179893493652,-2297.08837890625
-532.7733154296875,-11.113871574401855,-2295.0625
-534.1600952148438,-10.316304206848145,-2293.04248046875
-535.5723266601562,-9.499984741210938,-2291.029541015625
-537.01171875,-8.664417266845703,-2289.024658203125
-538.4800415039062,-7.809107780456543,-2287.028564453125
-539.97900390625,-6.9335618019104,-2285.04248046875
-541.5103759765625,-6.0372843742370605,-2283.0673828125
-543.0758666992188,-5.119780540466309,-2281.104248046875
-544.6771850585938,-4.180556297302246,-2279.154052734375
-546.3161010742188,-3.219116449356079,-2277.2177734375
-547.994384765625,-2.234966516494751,-2275.296630859375
-549.7137451171875,-1.2276118993759155,-2273.391357421875
-551.4758911132812,-0.19655799865722656,-2271.5029296875
-553.2825927734375,0.8586899042129517,-2269.632568359375
-555.1355590820312,1.9386264085769653,-2267.781005859375
-557.0364990234375,3.04374623298645,-2265.949462890625
-558.9872436523438,4.174543857574463,-2264.138916015625
-560.9894409179688,5.331514358520508,-2262.35009765625
-563.0448608398438,6.5151519775390625,-2260.584228515625
-565.1552124023438,7.725951194763184,-2258.84228515625
-567.322265625,8.964406967163086,-2257.125244140625
-569.5477905273438,10.231014251708984,-2255.43408203125
-571.8334350585938,11.526267051696777,-2253.77001953125
-574.1809692382812,12.85066032409668,-2252.1337890625
-576.5921630859375,14.204689025878906,-2250.5263671875
-579.0687255859375,15.588847160339355,-2248.948974609375
-581.6124267578125,17.003629684448242,-2247.40234375
-584.2249145507812,18.44953155517578,-2245.8876953125
-586.9080200195312,19.927047729492188,-2244.406005859375
-589.6634521484375,21.43667221069336,-2242.9580078125
-592.492919921875,22.978899002075195,-2241.544921875
-595.398193359375,24.554224014282227,-2240.167724609375
-598.3809814453125,26.16314125061035,-2238.827392578125
-601.4429931640625,27.80614471435547,-2237.52490234375
-604.5859985351562,29.48373031616211,-2236.261474609375
-607.811767578125,31.196392059326172,-2235.037841796875
-611.1220092773438,32.94462585449219,-2233.85498046875
-614.5184326171875,34.72892379760742,-2232.714111328125
-618.0028076171875,36.549781799316406,-2231.615966796875
-621.5768432617188,38.40769577026367,-2230.561767578125
-625.2422485351562,40.303157806396484,-2229.552490234375
-629.0007934570312,42.236663818359375,-2228.5888671875
-632.854248046875,44.208709716796875,-2227.672119140625
-636.8043212890625,46.21978759765625,-2226.80322265625
-640.8527221679688,48.27039337158203,-2225.983154296875
-645.001220703125,50.36102294921875,-2225.212890625
-649.2515258789062,52.49217224121094,-2224.493408203125
-653.6054077148438,54.66433334350586,-2223.825927734375
-658.0645751953125,56.87799835205078,-2223.211181640625
-662.6307983398438,59.1336669921875,-2222.650146484375
-667.3057861328125,61.43183135986328,-2222.14404296875
-672.0912475585938,63.772987365722656,-2221.69384765625
-676.9889526367188,66.15762329101562,-2221.30029296875
-682.0006713867188,68.58624267578125,-2220.964599609375
-687.1281127929688,71.05933380126953,-2220.687744140625
-692.3729858398438,73.57740020751953,-2220.470703125
-697.7369995117188,76.14093017578125,-2220.314453125
-703.2219848632812,78.75041198730469,-2220.219970703125
-708.8296508789062,81.40638732910156,-2220.1904296875
-711.166259765625,82.51629638671875,-2220.18310546875
-713.4547729492188,83.61465454101562,-2220.16162109375
-715.696044921875,84.70150756835938,-2220.126220703125
-717.8907470703125,85.77690124511719,-2220.076904296875
-720.0396728515625,86.84088134765625,-2220.013916015625
-722.1435546875,87.89348602294922,-2219.937744140625
-724.203125,88.93476867675781,-2219.848388671875
-726.2191772460938,89.96476745605469,-2219.74609375
-728.1924438476562,90.98352813720703,-2219.631103515625
-730.1236572265625,91.99110412597656,-2219.503662109375
-732.0136108398438,92.98753356933594,-2219.364013671875
-733.8629760742188,93.97286224365234,-2219.21240234375
-735.672607421875,94.94712829589844,-2219.048828125
-737.4431762695312,95.91038513183594,-2218.873779296875
-739.1754760742188,96.86267852783203,-2218.6875
-740.8701782226562,97.80404663085938,-2218.489990234375
-742.5281372070312,98.73454284667969,-2218.28173828125
-744.1500244140625,99.65420532226562,-2218.062744140625
-745.7366333007812,100.56307983398438,-2217.833251953125
-747.2886962890625,101.46121215820312,-2217.59375
-748.8069458007812,102.3486557006836,-2217.34423828125
-750.2921752929688,103.2254409790039,-2217.0849609375
-751.7451171875,104.09162139892578,-2216.816162109375
-753.16650390625,104.9472427368164,-2216.5380859375
-754.5570678710938,105.79235076904297,-2216.2509765625
-755.9176025390625,106.62698364257812,-2215.955078125
-757.2488403320312,107.4511947631836,-2215.650390625
-758.5515747070312,108.26502227783203,-2215.33740234375
-759.8264770507812,109.06851196289062,-2215.016357421875
-761.0743408203125,109.86170959472656,-2214.687255859375
-762.2958984375,110.64466094970703,-2214.3505859375
-763.491943359375,111.41741180419922,-2214.00634765625
-764.6631469726562,112.18000793457031,-2213.65478515625
-765.810302734375,112.9324951171875,-2213.29638671875
-766.9342041015625,113.67491149902344,-2212.93115234375
-768.0355224609375,114.40731048583984,-2212.559326171875
-769.1150512695312,115.12973022460938,-2212.18115234375
-770.1735229492188,115.84221649169922,-2211.796875
-771.2117309570312,116.5448226928711,-2211.40673828125
-772.2304077148438,117.23758697509766,-2211.0107421875
-773.2302856445312,117.9205551147461,-2210.609375
-774.2120971679688,118.59376525878906,-2210.202880859375
-775.1765747070312,119.25727081298828,-2209.791259765625
-776.12451171875,119.91111755371094,-2209.375
-777.056640625,120.55534362792969,-2208.9541015625
-777.9737548828125,121.19000244140625,-2208.529052734375
-778.8765869140625,121.81513214111328,-2208.099853515625
-779.765869140625,122.4307861328125,-2207.666748046875
-780.642333984375,123.03700256347656,-2207.22998046875
-781.5067138671875,123.63382720947266,-2206.7900390625
-782.3598022460938,124.22130584716797,-2206.346923828125
-783.2023315429688,124.79948425292969,-2205.90087890625
-784.0350952148438,125.36840057373047,-2205.451904296875
-784.8588256835938,125.92810821533203,-2205.00048828125
-785.6742553710938,126.47865295410156,-2204.546875
-786.4821166992188,127.02007293701172,-2204.09130859375
-787.2831420898438,127.55241394042969,-2203.6337890625
-788.078125,128.0757293701172,-2203.1748046875
-788.8677978515625,128.59005737304688,-2202.71435546875
-789.6529541015625,129.09544372558594,-2202.252685546875
-790.4342651367188,129.59193420410156,-2201.790283203125
-791.2125244140625,130.07957458496094,-2201.3271484375
-791.988525390625,130.55841064453125,-2200.863525390625
-792.762939453125,131.02847290039062,-2200.399658203125
-793.5365600585938,131.4898223876953,-2199.935791015625
-794.3101196289062,131.9425048828125,-2199.47216796875
-795.0844116210938,132.38656616210938,-2199.009033203125
-795.860107421875,132.82203674316406,-2198.546630859375
-796.6380004882812,133.2489776611328,-2198.0849609375
-797.4188232421875,133.66741943359375,-2197.62451171875
-798.203369140625,134.07742309570312,-2197.16552734375
-798.9923706054688,134.47901916503906,-2196.7080078125
-799.7865600585938,134.87225341796875,-2196.25244140625
-800.586669921875,135.25718688964844,-2195.798828125
-801.3934936523438,135.63385009765625,-2195.347412109375
-802.207763671875,136.00228881835938,-2194.8984375
-803.0302124023438,136.362548828125,-2194.452392578125
-803.8616333007812,136.7146759033203,-2194.00927734375
-804.7026977539062,137.0587158203125,-2193.5693359375
-805.55419921875,137.39471435546875,-2193.132568359375
-806.4169311523438,137.72271728515625,-2192.699462890625
-807.2915649414062,138.0427703857422,-2192.270263671875
-808.1788940429688,138.35491943359375,-2191.84521484375
-809.0797119140625,138.65921020507812,-2191.42431640625
-809.9946899414062,138.9556884765625,-2191.008056640625
-810.9246215820312,139.244384765625,-2190.596435546875
-811.8702392578125,139.52536010742188,-2190.18994140625
-812.832275390625,139.79864501953125,-2189.78857421875
-813.8115234375,140.06430053710938,-2189.392578125
-814.8087158203125,140.32237243652344,-2189.00244140625
-815.8245849609375,140.57289123535156,-2188.6181640625
-816.8599243164062,140.81590270996094,-2188.239990234375
-817.9154052734375,141.0514678955078,-2187.8681640625
-818.9918212890625,141.2796173095703,-2187.5029296875
-820.0899658203125,141.50039672851562,-2187.14453125
-821.2105102539062,141.71385192871094,-2186.79296875
-822.354248046875,141.92002868652344,-2186.44873046875
-823.52197265625,142.1189727783203,-2186.112060546875
-824.71435546875,142.31072998046875,-2185.782958984375
-825.9321899414062,142.49534606933594,-2185.4619140625
-827.1762084960938,142.67286682128906,-2185.14892578125
-828.4471435546875,142.8433380126953,-2184.84423828125
-829.7457885742188,143.00680541992188,-2184.54833984375
-831.0728759765625,143.16331481933594,-2184.26123046875
-832.4291381835938,143.3129119873047,-2183.983154296875
-833.8153076171875,143.45562744140625,-2183.71435546875
-835.232177734375,143.59152221679688,-2183.455078125
-836.6804809570312,143.7206268310547,-2183.20556640625
-838.1609497070312,143.84300231933594,-2182.966064453125
-839.6743774414062,143.95867919921875,-2182.736572265625
-841.2214965820312,144.06771850585938,-2182.517578125
-842.8030395507812,144.17015075683594,-2182.309326171875
-844.4197998046875,144.26602172851562,-2182.11181640625
-846.0724487304688,144.3553924560547,-2181.925537109375
-847.7617797851562,144.43829345703125,-2181.75048828125
-849.4885864257812,144.5147705078125,-2181.5869140625
-851.2535400390625,144.58486938476562,-2181.435302734375
-853.0574340820312,144.6486358642578,-2181.295654296875
-854.9010009765625,144.70611572265625,-2181.168212890625
-856.7850341796875,144.75735473632812,-2181.05322265625
-858.710205078125,144.80239868164062,-2180.950927734375
-860.6773071289062,144.84129333496094,-2180.861572265625
-862.6871337890625,144.87408447265625,-2180.785400390625
-864.7403564453125,144.9008026123047,-2180.722412109375
-866.8377685546875,144.9215087890625,-2180.673095703125
-868.9801025390625,144.93624877929688,-2180.6376953125
-871.1681518554688,144.94505310058594,-2180.6162109375
-873.4029541015625,144.9480438232422,-2180.607177734375
-879.4505615234375,144.94898986816406,-2180.604248046875
-885.3900146484375,144.95181274414062,-2180.5947265625
-891.2222290039062,144.95648193359375,-2180.578125
-896.9481201171875,144.9629669189453,-2180.553955078125
-902.5687255859375,144.97125244140625,-2180.521484375
-908.0849609375,144.98129272460938,-2180.480224609375
-913.497802734375,144.99305725097656,-2180.429443359375
-918.8082275390625,145.0065155029297,-2180.36865234375
-924.0171508789062,145.0216522216797,-2180.297119140625
-929.1255493164062,145.03842163085938,-2180.214111328125
-934.1343994140625,145.0568084716797,-2180.119384765625
-939.044677734375,145.07676696777344,-2180.011962890625
-943.8573608398438,145.09828186035156,-2179.891357421875
-948.5733642578125,145.12130737304688,-2179.757080078125
-953.1936645507812,145.1458282470703,-2179.6083984375
-957.7191772460938,145.17181396484375,-2179.44482421875
-962.1509399414062,145.19923400878906,-2179.265625
-966.4898681640625,145.22804260253906,-2179.070068359375
-970.7369384765625,145.2582244873047,-2178.85791015625
-974.89306640625,145.2897491455078,-2178.628173828125
-978.9592895507812,145.3225860595703,-2178.38037109375
-982.9365234375,145.35670471191406,-2178.114013671875
-986.8257446289062,145.39207458496094,-2177.828369140625
-990.6278686523438,145.4286651611328,-2177.522705078125
-994.3439331054688,145.46644592285156,-2177.19677734375
-997.974853515625,145.50538635253906,-2176.849609375
-1001.5215454101562,145.54547119140625,-2176.480712890625
-1004.9850463867188,145.58665466308594,-2176.089599609375
-1008.3662719726562,145.62890625,-2175.675537109375
-1011.6661987304688,145.67221069335938,-2175.238037109375
-1014.8858032226562,145.71652221679688,-2174.7763671875
-1018.0260009765625,145.76181030273438,-2174.289794921875
-1021.0878295898438,145.8080596923828,-2173.77783203125
-1024.0721435546875,145.855224609375,-2173.239990234375
-1026.97998046875,145.90328979492188,-2172.675537109375
-1029.812255859375,145.9522247314453,-2172.083740234375
-1032.570068359375,146.00198364257812,-2171.464111328125
-1035.2542724609375,146.05255126953125,-2170.816162109375
-1037.86572265625,146.10389709472656,-2170.13916015625
-1040.405517578125,146.15599060058594,-2169.4326171875
-1042.8746337890625,146.20880126953125,-2168.69580078125
-1045.27392578125,146.26229858398438,-2167.927978515625
-1047.6043701171875,146.3164520263672,-2167.128662109375
-1049.8670654296875,146.37123107910156,-2166.29736328125
-1052.0628662109375,146.42660522460938,-2165.433349609375
-1054.1927490234375,146.4825439453125,-2164.535888671875
-1056.257568359375,146.5390167236328,-2163.6044921875
-1058.2584228515625,146.5959930419922,-2162.638671875
-1060.1962890625,146.6534423828125,-2161.6376953125
-1062.072021484375,146.7113494873047,-2160.60107421875
-1063.8865966796875,146.76966857910156,-2159.528076171875
-1065.64111328125,146.828369140625,-2158.41796875
-1067.33642578125,146.88743591308594,-2157.270263671875
-1068.973388671875,146.9468231201172,-2156.08447265625
-1070.5531005859375,147.0065155029297,-2154.85986328125
-1072.0765380859375,147.06646728515625,-2153.595703125
-1073.5445556640625,147.1266632080078,-2152.29150390625
-1074.958251953125,147.18707275390625,-2150.94677734375
-1076.3184814453125,147.24765014648438,-2149.560791015625
-1077.626220703125,147.30838012695312,-2148.1328125
-1078.8824462890625,147.36923217773438,-2146.662353515625
-1080.088134765625,147.43017578125,-2145.14892578125
-1081.2442626953125,147.49118041992188,-2143.591796875
-1082.3516845703125,147.55221557617188,-2141.990234375
-1083.4114990234375,147.61325073242188,-2140.34375
-1084.424560546875,147.67425537109375,-2138.65185546875
-1085.391845703125,147.73519897460938,-2136.913818359375
-1086.3143310546875,147.79605102539062,-2135.12890625
-1087.1929931640625,147.85678100585938,-2133.296630859375
-1088.02880859375,147.9173583984375,-2131.416259765625
-1088.82275390625,147.97776794433594,-2129.4873046875
-1089.57568359375,148.0379638671875,-2127.50927734375
-1090.2886962890625,148.09791564941406,-2125.4814453125
-1090.962646484375,148.15760803222656,-2123.403076171875
-1091.5985107421875,148.2169952392578,-2121.273681640625
-1092.197265625,148.27606201171875,-2119.0927734375
-1092.7598876953125,148.3347625732422,-2116.859619140625
-1093.287353515625,148.39308166503906,-2114.573486328125
-1093.7806396484375,148.45098876953125,-2112.23388671875
-1094.2406005859375,148.50843811035156,-2109.84033203125
-1094.6683349609375,148.56541442871094,-2107.391845703125
-1095.064697265625,148.62188720703125,-2104.88818359375
-1095.4306640625,148.67782592773438,-2102.32861328125
-1095.7672119140625,148.7332000732422,-2099.71240234375
-1096.0753173828125,148.78797912597656,-2097.0390625
-1096.35595703125,148.84213256835938,-2094.30810546875
-1096.6099853515625,148.8956298828125,-2091.518798828125
-1096.8385009765625,148.9484405517578,-2088.67041015625
-1097.0423583984375,149.0005340576172,-2085.762451171875
-1097.2225341796875,149.0518798828125,-2082.794189453125
-1097.3800048828125,149.10244750976562,-2079.76513671875
-1097.5157470703125,149.15220642089844,-2076.6748046875
-1097.6307373046875,149.20114135742188,-2073.5224609375
-1097.7259521484375,149.24920654296875,-2070.307373046875
-1097.80224609375,149.29637145996094,-2067.029052734375
-1097.8607177734375,149.34262084960938,-2063.686767578125
-1097.9022216796875,149.38790893554688,-2060.280029296875
-1097.927734375,149.43222045898438,-2056.808349609375
-1097.938232421875,149.47552490234375,-2053.270751953125
-1097.9346923828125,149.5177764892578,-2049.6669921875
-1097.9180908203125,149.5589599609375,-2045.996337890625
-1097.889404296875,149.5990447998047,-2042.258056640625
-1097.8494873046875,149.6379852294922,-2038.45166015625
-1097.7994384765625,149.67576599121094,-2034.5765380859375
-1097.7401123046875,149.7123565673828,-2030.632080078125
-1097.6724853515625,149.7477264404297,-2026.6175537109375
-1097.5975341796875,149.78184509277344,-2022.532470703125
-1097.5162353515625,149.81468200683594,-2018.376220703125
-1097.4295654296875,149.84620666503906,-2014.148193359375
-1097.3385009765625,149.8763885498047,-2009.84765625
-1097.243896484375,149.9051971435547,-2005.47412109375
-1097.146728515625,149.9326171875,-2001.0269775390625
-1097.048095703125,149.95860290527344,-1996.5054931640625
-1096.9488525390625,149.98312377929688,-1991.9091796875
-1096.8499755859375,150.0061492919922,-1987.2374267578125
-1096.75244140625,150.0276641845703,-1982.4896240234375
-1096.6571044921875,150.04762268066406,-1977.6650390625
-1096.5650634765625,150.06600952148438,-1972.76318359375
-1096.4771728515625,150.08277893066406,-1967.783447265625
-1096.39453125,150.09791564941406,-1962.72509765625
-1096.3179931640625,150.11138916015625,-1957.587646484375
-1096.24853515625,150.12315368652344,-1952.3704833984375
-1096.1871337890625,150.13319396972656,-1947.0728759765625
-1096.134765625,150.1414794921875,-1941.6943359375
-1096.09228515625,150.14796447753906,-1936.2342529296875
-1096.060791015625,150.1526336669922,-1930.69189453125
-1096.0411376953125,150.15545654296875,-1925.0667724609375
-1096.034912109375,150.15638732910156,-1919.357177734375
-1096.034912109375,150.12997436523438,-1916.40576171875
-1096.034912109375,150.05128479003906,-1913.427490234375
-1096.034912109375,149.92115783691406,-1910.422607421875
-1096.034912109375,149.74041748046875,-1907.391357421875
-1096.034912109375,149.50990295410156,-1904.3341064453125
-1096.034912109375,149.23043823242188,-1901.2509765625
-1096.034912109375,148.90284729003906,-1898.142333984375
-1096.034912109375,148.52796936035156,-1895.00830078125
-1096.034912109375,148.10662841796875,-1891.8492431640625
-1096.034912109375,147.6396484375,-1888.6654052734375
-1096.034912109375,147.12786865234375,-1885.45703125
-1096.034912109375,146.57211303710938,-1882.2242431640625
-1096.034912109375,145.97320556640625,-1878.9674072265625
-1096.034912109375,145.3319854736328,-1875.686767578125
-1096.034912109375,144.64927673339844,-1872.382568359375
-1096.034912109375,143.92591857910156,-1869.0550537109375
-1096.034912109375,143.16273498535156,-1865.70458984375
-1096.034912109375,142.3605499267578,-1862.331298828125
-1096.034912109375,141.52020263671875,-1858.9354248046875
-1096.034912109375,140.64251708984375,-1855.5172119140625
-1096.034912109375,139.72833251953125,-1852.0770263671875
-1096.034912109375,138.77847290039062,-1848.614990234375
-1096.034912109375,137.79376220703125,-1845.1314697265625
-1096.034912109375,136.77503967285156,-1841.6265869140625
-1096.034912109375,135.72312927246094,-1838.1007080078125
-1096.034912109375,134.63885498046875,-1834.553955078125
-1096.034912109375,133.52305603027344,-1830.9866943359375
-1096.034912109375,132.37655639648438,-1827.399169921875
-1096.034912109375,131.20018005371094,-1823.7916259765625
-1096.034912109375,129.99476623535156,-1820.164306640625
-1096.034912109375,128.76113891601562,-1816.5174560546875
-1096.034912109375,127.50013732910156,-1812.851318359375
-1096.034912109375,126.21258544921875,-1809.1661376953125
-1096.034912109375,124.8993148803711,-1805.462158203125
-1096.034912109375,123.56114959716797,-1801.7396240234375
-1096.034912109375,122.19892883300781,-1797.998779296875
-1096.034912109375,120.8134765625,-1794.239990234375
-1096.034912109375,119.4056167602539,-1790.46337890625
-1096.034912109375,117.97618865966797,-1786.6693115234375
-1096.034912109375,116.52601623535156,-1782.85791015625
-1096.034912109375,115.0559310913086,-1779.029541015625
-1096.034912109375,113.56676483154297,-1775.184326171875
-1096.034912109375,112.05934143066406,-1771.3226318359375
-1096.034912109375,110.53450012207031,-1767.4447021484375
-1096.034912109375,108.9930648803711,-1763.55078125
-1096.034912109375,107.43585968017578,-1759.6409912109375
-1096.034912109375,105.86372375488281,-1755.7156982421875
-1096.034912109375,104.27748107910156,-1751.775146484375
-1096.034912109375,102.67796325683594,-1747.819580078125
-1096.034912109375,101.06600189208984,-1743.849365234375
-1096.034912109375,99.44242095947266,-1739.8646240234375
-1096.034912109375,97.80805969238281,-1735.8656005859375
-1096.034912109375,96.16374206542969,-1731.8525390625
-1096.034912109375,94.51029205322266,-1727.8258056640625
-1096.034912109375,92.84854888916016,-1723.7855224609375
-1096.034912109375,91.17933654785156,-1719.73193359375
-1096.034912109375,89.50348663330078,-1715.6654052734375
-1096.034912109375,87.82183074951172,-1711.586181640625
-1096.034912109375,86.13519287109375,-1707.494384765625
-1096.034912109375,84.44441223144531,-1703.390380859375
-1096.034912109375,82.75031280517578,-1699.2744140625
-1096.034912109375,81.05371856689453,-1695.1466064453125
-1096.034912109375,79.35546875,-1691.00732421875
-1096.034912109375,77.65638732910156,-1686.8568115234375
-1096.034912109375,75.95730590820312,-1682.6953125
-1096.034912109375,74.2590560913086,-1678.5230712890625
-1096.034912109375,72.56246185302734,-1674.34033203125
-1096.034912109375,70.86836242675781,-1670.1474609375
-1096.034912109375,69.17758178710938,-1665.944580078125
-1096.034912109375,67.4909439086914,-1661.73193359375
-1096.034912109375,65.80928802490234,-1657.5098876953125
-1096.034912109375,64.13343811035156,-1653.278564453125
-1096.034912109375,62.46422576904297,-1649.0382080078125
-1096.034912109375,60.80248260498047,-1644.7891845703125
-1096.034912109375,59.1490364074707,-1640.53173828125
-1096.034912109375,57.50471496582031,-1636.2659912109375
-1096.034912109375,55.8703498840332,-1631.9923095703125
-1096.034912109375,54.24677276611328,-1627.7109375
-1096.034912109375,52.63481140136719,-1623.422119140625
-1096.034912109375,51.03529357910156,-1619.1259765625
-1096.034912109375,49.44905090332031,-1614.8228759765625
-1096.034912109375,47.876914978027344,-1610.5130615234375
-1096.034912109375,46.3197135925293,-1606.19677734375
-1096.034912109375,44.77827453613281,-1601.8743896484375
-1096.034912109375,43.2534294128418,-1597.5460205078125
-1096.034912109375,41.746009826660156,-1593.2119140625
-1096.034912109375,40.25684356689453,-1588.872314453125
-1096.034912109375,38.78675842285156,-1584.527587890625
-1096.034912109375,37.336585998535156,-1580.1778564453125
-1096.034912109375,35.90715789794922,-1575.823486328125
-1096.034912109375,34.49930191040039,-1571.464599609375
-1096.034912109375,33.11384582519531,-1567.1015625
-1096.034912109375,31.75162124633789,-1562.734619140625
-1096.034912109375,30.41345977783203,-1558.3638916015625
-1096.034912109375,29.100189208984375,-1553.98974609375
-1096.034912109375,27.812637329101562,-1549.6124267578125
-1096.034912109375,26.5516357421875,-1545.232177734375
-1096.034912109375,25.318016052246094,-1540.8492431640625
-1096.034912109375,24.112606048583984,-1536.4638671875
-1096.034912109375,22.936233520507812,-1532.0762939453125
-1096.034912109375,21.789730072021484,-1527.686767578125
-1096.034912109375,20.673927307128906,-1523.2955322265625
-1096.034912109375,19.58965301513672,-1518.90283203125
-1096.034912109375,18.537734985351562,-1514.509033203125
-1096.034912109375,17.519004821777344,-1510.1142578125
-1096.034912109375,16.53429412841797,-1505.7188720703125
-1096.034912109375,15.584429740905762,-1501.322998046875
-1096.034912109375,14.670242309570312,-1496.927001953125
-1096.034912109375,13.792561531066895,-1492.531005859375
-1096.034912109375,12.952217102050781,-1488.1353759765625
-1096.034912109375,12.150038719177246,-1483.7403564453125
-1096.034912109375,11.386856079101562,-1479.34619140625
-1096.034912109375,10.663498878479004,-1474.9530029296875
-1096.034912109375,9.980796813964844,-1470.5611572265625
-1096.034912109375,9.339579582214355,-1466.1708984375
-1096.034912109375,8.740676879882812,-1461.782470703125
-1096.034912109375,8.184918403625488,-1457.3961181640625
-1096.034912109375,7.673133850097656,-1453.01220703125
-1096.034912109375,7.20615291595459,-1448.630859375
-1096.034912109375,6.7848052978515625,-1444.2523193359375
-1096.034912109375,6.409920692443848,-1439.8768310546875
-1096.034912109375,6.082328796386719,-1435.5047607421875
-1096.034912109375,5.802859306335449,-1431.13623046875
-1096.034912109375,5.5723419189453125,-1426.7716064453125
-1096.034912109375,5.391606330871582,-1422.4110107421875
-1096.034912109375,5.261482238769531,-1418.0548095703125
-1096.034912109375,5.182799339294434,-1413.7032470703125
-1096.034912109375,5.1563873291015625,-1409.357177734375
-1096.035400390625,5.1563873291015625,-1408.409912109375
-1096.0369873046875,5.1563873291015625,-1407.459716796875
-1096.0399169921875,5.1563873291015625,-1406.5068359375
-1096.0443115234375,5.1563873291015625,-1405.551513671875
-1096.0504150390625,5.1563873291015625,-1404.59375
-1096.058349609375,5.1563873291015625,-1403.6337890625
-1096.068359375,5.1563873291015625,-1402.6717529296875
-1096.08056640625,5.1563873291015625,-1401.7078857421875
-1096.09521484375,5.1563873291015625,-1400.7423095703125
-1096.112548828125,5.1563873291015625,-1399.775146484375
-1096.1326904296875,5.1563873291015625,-1398.8065185546875
-1096.1558837890625,5.1563873291015625,-1397.836669921875
-1096.182373046875,5.1563873291015625,-1396.86572265625
-1096.2122802734375,5.1563873291015625,-1395.8939208984375
-1096.2457275390625,5.1563873291015625,-1394.92138671875
-1096.282958984375,5.1563873291015625,-1393.9482421875
-1096.32421875,5.1563873291015625,-1392.974609375
-1096.3697509765625,5.1563873291015625,-1392.000732421875
-1096.4195556640625,5.1563873291015625,-1391.02685546875
-1096.4739990234375,5.1563873291015625,-1390.052978515625
-1096.533203125,5.1563873291015625,-1389.079345703125
-1096.597412109375,5.1563873291015625,-1388.1060791015625
-1096.666748046875,5.1563873291015625,-1387.1334228515625
-1096.741455078125,5.1563873291015625,-1386.1614990234375
-1096.8216552734375,5.1563873291015625,-1385.1904296875
-1096.9075927734375,5.1563873291015625,-1384.2203369140625
-1096.99951171875,5.1563873291015625,-1383.25146484375
-1097.0975341796875,5.1563873291015625,-1382.283935546875
-1097.201904296875,5.1563873291015625,-1381.3179931640625
-1097.312744140625,5.1563873291015625,-1380.353759765625
-1097.4302978515625,5.1563873291015625,-1379.391357421875
-1097.5548095703125,5.1563873291015625,-1378.4310302734375
-1097.6864013671875,5.1563873291015625,-1377.4727783203125
-1097.8253173828125,5.1563873291015625,-1376.5169677734375
-1097.9716796875,5.1563873291015625,-1375.5635986328125
-1098.125732421875,5.1563873291015625,-1374.6129150390625
-1098.28759765625,5.1563873291015625,-1373.6650390625
-1098.45751953125,5.1563873291015625,-1372.72021484375
-1098.6357421875,5.1563873291015625,-1371.778564453125
-1098.8223876953125,5.1563873291015625,-1370.8402099609375
-1099.0177001953125,5.1563873291015625,-1369.9052734375
-1099.2218017578125,5.1563873291015625,-1368.9739990234375
-1099.4349365234375,5.1563873291015625,-1368.0465087890625
-1099.6573486328125,5.1563873291015625,-1367.123046875
-1099.88916015625,5.1563873291015625,-1366.2037353515625
-1100.1304931640625,5.1563873291015625,-1365.2886962890625
-1100.3817138671875,5.1563873291015625,-1364.378173828125
-1100.642822265625,5.1563873291015625,-1363.47216796875
-1100.9141845703125,5.1563873291015625,-1362.571044921875
-1101.1959228515625,5.1563873291015625,-1361.6748046875
-1101.48828125,5.1563873291015625,-1360.78369140625
-1101.7913818359375,5.1563873291015625,-1359.8978271484375
-1102.10546875,5.1563873291015625,-1359.0174560546875
-1102.4306640625,5.1563873291015625,-1358.1427001953125
-1102.7672119140625,5.1563873291015625,-1357.273681640625
-1103.115234375,5.1563873291015625,-1356.4105224609375
-1103.47509765625,5.1563873291015625,-1355.553466796875
-1103.8468017578125,5.1563873291015625,-1354.70263671875
-1104.2305908203125,5.1563873291015625,-1353.8582763671875
-1104.626708984375,5.1563873291015625,-1353.0205078125
-1105.035400390625,5.1563873291015625,-1352.189453125
-1105.456787109375,5.1563873291015625,-1351.3653564453125
-1105.8909912109375,5.1563873291015625,-1350.5482177734375
-1106.33837890625,5.1563873291015625,-1349.7384033203125
-1106.7989501953125,5.1563873291015625,-1348.9359130859375
-1107.2730712890625,5.1563873291015625,-1348.1409912109375
-1107.7608642578125,5.1563873291015625,-1347.353759765625
-1108.262451171875,5.1563873291015625,-1346.574462890625
-1108.778076171875,5.1563873291015625,-1345.80322265625
-1109.3079833984375,5.1563873291015625,-1345.0401611328125
-1109.852294921875,5.1563873291015625,-1344.285400390625
-1110.4112548828125,5.1563873291015625,-1343.5391845703125
-1110.985107421875,5.1563873291015625,-1342.8016357421875
-1111.573974609375,5.1563873291015625,-1342.072998046875
-1112.177978515625,5.1563873291015625,-1341.3533935546875
-1112.7974853515625,5.1563873291015625,-1340.6429443359375
-1113.4324951171875,5.1563873291015625,-1339.9417724609375
-1114.0833740234375,5.1563873291015625,-1339.2501220703125
-1114.750244140625,5.1563873291015625,-1338.5682373046875
-1115.4332275390625,5.1563873291015625,-1337.8961181640625
-1116.132568359375,5.1563873291015625,-1337.2340087890625
-1116.8485107421875,5.1563873291015625,-1336.58203125
-1117.5811767578125,5.1563873291015625,-1335.9404296875
-1118.330810546875,5.1563873291015625,-1335.3092041015625
-1119.09765625,5.1563873291015625,-1334.688720703125
-1119.8818359375,5.1563873291015625,-1334.0789794921875
-1120.6834716796875,5.1563873291015625,-1333.480224609375
-1121.5029296875,5.1563873291015625,-1332.892578125
-1122.3402099609375,5.1563873291015625,-1332.3162841796875
-1123.1956787109375,5.1563873291015625,-1331.75146484375
-1124.0694580078125,5.1563873291015625,-1331.1982421875
-1124.961669921875,5.1563873291015625,-1330.65673828125
-1125.8726806640625,5.1563873291015625,-1330.127197265625
-1126.802490234375,5.1563873291015625,-1329.6097412109375
-1127.75146484375,5.1563873291015625,-1329.1046142578125
-1128.7196044921875,5.1563873291015625,-1328.6119384765625
-1129.707275390625,5.1563873291015625,-1328.1318359375
-1130.714599609375,5.1563873291015625,-1327.66455078125
-1131.7418212890625,5.1563873291015625,-1327.2100830078125
-1132.7890625,5.1563873291015625,-1326.768798828125
-1133.8565673828125,5.1563873291015625,-1326.3406982421875
-1134.9444580078125,5.1563873291015625,-1325.926025390625
-1136.052978515625,5.1563873291015625,-1325.52490234375
-1137.182373046875,5.1563873291015625,-1325.1375732421875
-1138.332763671875,5.1563873291015625,-1324.76416015625
-1139.5042724609375,5.1563873291015625,-1324.40478515625
-1140.697265625,5.1563873291015625,-1324.0595703125
-1141.911865234375,5.1563873291015625,-1323.728759765625
-1143.148193359375,5.1563873291015625,-1323.4124755859375
-1144.406494140625,5.1563873291015625,-1323.1109619140625
-1145.68701171875,5.1563873291015625,-1322.8243408203125
-1146.9898681640625,5.1563873291015625,-1322.552734375
-1148.3153076171875,5.1563873291015625,-1322.2962646484375
-1149.6634521484375,5.1563873291015625,-1322.05517578125
-1151.0345458984375,5.1563873291015625,-1321.82958984375
-1152.4288330078125,5.1563873291015625,-1321.6197509765625
-1153.846435546875,5.1563873291015625,-1321.42578125
-1155.28759765625,5.1563873291015625,-1321.247802734375
-1156.75244140625,5.1563873291015625,-1321.0860595703125
-1158.2412109375,5.1563873291015625,-1320.9405517578125
-1159.7540283203125,5.1563873291015625,-1320.8116455078125
-1161.2911376953125,5.1563873291015625,-1320.6993408203125
-1162.852783203125,5.1563873291015625,-1320.6038818359375
-1164.4390869140625,5.1563873291015625,-1320.525390625
-1166.05029296875,5.1563873291015625,-1320.464111328125
-1167.6865234375,5.1563873291015625,-1320.420166015625
-1169.3480224609375,5.1563873291015625,-1320.3936767578125
-1171.034912109375,5.1563873291015625,-1320.384521484375
-1171.472412109375,5.1563873291015625,-1320.384765625
-1171.909423828125,5.1563873291015625,-1320.3856201171875
-1172.345947265625,5.1563873291015625,-1320.3870849609375
-1172.7822265625,5.1563873291015625,-1320.3890380859375
-1173.21826171875,5.1563873291015625,-1320.3916015625
-1173.654052734375,5.1563873291015625,-1320.3946533203125
-1174.08984375,5.1563873291015625,-1320.398193359375
-1174.525634765625,5.1563873291015625,-1320.4022216796875
-1174.9615478515625,5.1563873291015625,-1320.40673828125
-1175.3975830078125,5.1563873291015625,-1320.4117431640625
-1175.833984375,5.1563873291015625,-1320.4171142578125
-1176.2706298828125,5.1563873291015625,-1320.4229736328125
-1176.707763671875,5.1563873291015625,-1320.42919921875
-1177.1453857421875,5.1563873291015625,-1320.4359130859375
-1177.5836181640625,5.1563873291015625,-1320.4429931640625
-1178.0225830078125,5.1563873291015625,-1320.450439453125
-1178.46240234375,5.1563873291015625,-1320.458251953125
-1178.903076171875,5.1563873291015625,-1320.4664306640625
-1179.3446044921875,5.1563873291015625,-1320.474853515625
-1179.7872314453125,5.1563873291015625,-1320.483642578125
-1180.23095703125,5.1563873291015625,-1320.49267578125
-1180.6759033203125,5.1563873291015625,-1320.5020751953125
-1181.1221923828125,5.1563873291015625,-1320.51171875
-1181.56982421875,5.1563873291015625,-1320.5216064453125
-1182.0189208984375,5.1563873291015625,-1320.53173828125
-1182.469482421875,5.1563873291015625,-1320.5421142578125
-1182.9217529296875,5.1563873291015625,-1320.552734375
-1183.375732421875,5.1563873291015625,-1320.5635986328125
-1183.83154296875,5.1563873291015625,-1320.5745849609375
-1184.2891845703125,5.1563873291015625,-1320.5858154296875
-1184.748779296875,5.1563873291015625,-1320.59716796875
-1185.21044921875,5.1563873291015625,-1320.608642578125
-1185.67431640625,5.1563873291015625,-1320.6202392578125
-1186.140380859375,5.1563873291015625,-1320.6319580078125
-1186.6087646484375,5.1563873291015625,-1320.643798828125
-1187.07958984375,5.1563873291015625,-1320.65576171875
-1187.5528564453125,5.1563873291015625,-1320.667724609375
-1188.0286865234375,5.1563873291015625,-1320.6798095703125
-1188.5072021484375,5.1563873291015625,-1320.69189453125
-1188.9884033203125,5.1563873291015625,-1320.7039794921875
-1189.472412109375,5.1563873291015625,-1320.7161865234375
-1189.9593505859375,5.1563873291015625,-1320.7283935546875
-1190.44921875,5.1563873291015625,-1320.740478515625
-1190.9422607421875,5.1563873291015625,-1320.7525634765625
-1191.4384765625,5.1563873291015625,-1320.7646484375
-1191.9378662109375,5.1563873291015625,-1320.776611328125
-1192.4405517578125,5.1563873291015625,-1320.78857421875
-1192.9466552734375,5.1563873291015625,-1320.8004150390625
-1193.456298828125,5.1563873291015625,-1320.8121337890625
-1193.9696044921875,5.1563873291015625,-1320.82373046875
-1194.486572265625,5.1563873291015625,-1320.835205078125
-1195.0072021484375,5.1563873291015625,-1320.8465576171875
-1195.53173828125,5.1563873291015625,-1320.8577880859375
-1196.0601806640625,5.1563873291015625,-1320.868896484375
-1196.5926513671875,5.1563873291015625,-1320.8797607421875
-1197.1292724609375,5.1563873291015625,-1320.890380859375
-1197.6700439453125,5.1563873291015625,-1320.90087890625
-1198.215087890625,5.1563873291015625,-1320.9111328125
-1198.764404296875,5.1563873291015625,-1320.921142578125
-1199.3182373046875,5.1563873291015625,-1320.930908203125
-1199.8765869140625,5.1563873291015625,-1320.9404296875
-1200.4395751953125,5.1563873291015625,-1320.9495849609375
-1201.0072021484375,5.1563873291015625,-1320.95849609375
-1201.57958984375,5.1563873291015625,-1320.967041015625
-1202.1568603515625,5.1563873291015625,-1320.9752197265625
-1202.7391357421875,5.1563873291015625,-1320.983154296875
-1203.326416015625,5.1563873291015625,-1320.99072265625
-1203.9188232421875,5.1563873291015625,-1320.9979248046875
-1204.516357421875,5.1563873291015625,-1321.0047607421875
-1205.1192626953125,5.1563873291015625,-1321.0111083984375
-1205.7275390625,5.1563873291015625,-1321.01708984375
-1206.3411865234375,5.1563873291015625,-1321.0225830078125
-1206.96044921875,5.1563873291015625,-1321.0277099609375
-1207.5853271484375,5.1563873291015625,-1321.0323486328125
-1208.2159423828125,5.1563873291015625,-1321.0364990234375
-1208.852294921875,5.1563873291015625,-1321.0401611328125
-1209.4945068359375,5.1563873291015625,-1321.0433349609375
-1210.1427001953125,5.1563873291015625,-1321.0460205078125
-1210.7969970703125,5.1563873291015625,-1321.0482177734375
-1211.4573974609375,5.1563873291015625,-1321.0498046875
-1212.1240234375,5.1563873291015625,-1321.0509033203125
-1212.7969970703125,5.1563873291015625,-1321.0513916015625
-1213.476318359375,5.1563873291015625,-1321.05126953125
-1214.162109375,5.1563873291015625,-1321.050537109375
-1214.8544921875,5.1563873291015625,-1321.0491943359375
-1215.553466796875,5.1563873291015625,-1321.0472412109375
-1216.25927734375,5.1563873291015625,-1321.044677734375
-1216.971923828125,5.1563873291015625,-1321.0413818359375
-1217.69140625,5.1563873291015625,-1321.0374755859375
-1218.4178466796875,5.1563873291015625,-1321.0328369140625
-1219.1513671875,5.1563873291015625,-1321.0274658203125
-1219.89208984375,5.1563873291015625,-1321.021484375
-1220.6400146484375,5.1563873291015625,-1321.0147705078125
-1221.395263671875,5.1563873291015625,-1321.0072021484375
-1222.157958984375,5.1563873291015625,-1320.9989013671875
-1222.9281005859375,5.1563873291015625,-1320.9898681640625
-1223.7059326171875,5.1563873291015625,-1320.97998046875
-1224.4913330078125,5.1563873291015625,-1320.9693603515625
-1225.2845458984375,5.1563873291015625,-1320.9578857421875
-1226.0855712890625,5.1563873291015625,-1320.945556640625
-1226.89453125,5.1563873291015625,-1320.932373046875
-1227.7115478515625,5.1563873291015625,-1320.9183349609375
-1228.53662109375,5.1563873291015625,-1320.9034423828125
-1229.369873046875,5.1563873291015625,-1320.8876953125
-1230.21142578125,5.1563873291015625,-1320.87109375
-1231.061279296875,5.1563873291015625,-1320.853515625
-1231.9195556640625,5.1563873291015625,-1320.8350830078125
-1232.786376953125,5.1563873291015625,-1320.815673828125
-1233.6617431640625,5.1563873291015625,-1320.7952880859375
-1234.5458984375,5.1563873291015625,-1320.77392578125
-1235.4388427734375,5.1563873291015625,-1320.7515869140625
-1236.340576171875,5.1563873291015625,-1320.728271484375
-1237.251220703125,5.1563873291015625,-1320.703857421875
-1238.1708984375,5.1563873291015625,-1320.678466796875
-1239.0997314453125,5.1563873291015625,-1320.6519775390625
-1240.0377197265625,5.1563873291015625,-1320.62451171875
-1240.9849853515625,5.1563873291015625,-1320.595947265625
-1241.941650390625,5.1563873291015625,-1320.5662841796875
-1242.9078369140625,5.1563873291015625,-1320.5355224609375
-1243.883544921875,5.1563873291015625,-1320.503662109375
-1244.868896484375,5.1563873291015625,-1320.4705810546875
-1245.8638916015625,5.1563873291015625,-1320.4364013671875
-1246.86865234375,5.1563873291015625,-1320.401123046875
-1247.88330078125,5.1563873291015625,-1320.3646240234375
-1248.907958984375,5.1563873291015625,-1320.326904296875
-1249.942626953125,5.1563873291015625,-1320.2879638671875
-1250.9874267578125,5.1563873291015625,-1320.247802734375
-1252.04248046875,5.1563873291015625,-1320.206298828125
-1253.941162109375,5.1563873291015625,-1320.1243896484375
-1255.81591796875,5.1563873291015625,-1320.02978515625
-1257.6668701171875,5.1563873291015625,-1319.922607421875
-1259.4942626953125,5.1563873291015625,-1319.802978515625
-1261.298095703125,5.1563873291015625,-1319.6708984375
-1263.07861328125,5.1563873291015625,-1319.5263671875
-1264.8359375,5.1563873291015625,-1319.3695068359375
-1266.5701904296875,5.1563873291015625,-1319.2003173828125
-1268.281494140625,5.1563873291015625,-1319.0189208984375
-1269.9700927734375,5.1563873291015625,-1318.8253173828125
-1271.635986328125,5.1563873291015625,-1318.6195068359375
-1273.2794189453125,5.1563873291015625,-1318.401611328125
-1274.9005126953125,5.1563873291015625,-1318.1717529296875
-1276.4993896484375,5.1563873291015625,-1317.929931640625
-1278.076171875,5.1563873291015625,-1317.6761474609375
-1279.631103515625,5.1563873291015625,-1317.4105224609375
-1281.164306640625,5.1563873291015625,-1317.133056640625
-1282.67578125,5.1563873291015625,-1316.8438720703125
-1284.165771484375,5.1563873291015625,-1316.54296875
-1285.6343994140625,5.1563873291015625,-1316.2303466796875
-1287.0819091796875,5.1563873291015625,-1315.9061279296875
-1288.50830078125,5.1563873291015625,-1315.5704345703125
-1289.913818359375,5.1563873291015625,-1315.22314453125
-1291.298583984375,5.1563873291015625,-1314.864501953125
-1292.66259765625,5.1563873291015625,-1314.494384765625
-1294.0062255859375,5.1563873291015625,-1314.1129150390625
-1295.3294677734375,5.1563873291015625,-1313.72021484375
-1296.6324462890625,5.1563873291015625,-1313.3162841796875
-1297.9154052734375,5.1563873291015625,-1312.901123046875
-1299.178466796875,5.1563873291015625,-1312.474853515625
-1300.4217529296875,5.1563873291015625,-1312.03759765625
-1301.6453857421875,5.1563873291015625,-1311.5892333984375
-1302.8494873046875,5.1563873291015625,-1311.1300048828125
-1304.0343017578125,5.1563873291015625,-1310.6597900390625
-1305.1998291015625,5.1563873291015625,-1310.1787109375
-1306.3463134765625,5.1563873291015625,-1309.6868896484375
-1307.473876953125,5.1563873291015625,-1309.184326171875
-1308.5826416015625,5.1563873291015625,-1308.6710205078125
-1309.6728515625,5.1563873291015625,-1308.1470947265625
-1310.7445068359375,5.1563873291015625,-1307.612548828125
-1311.7978515625,5.1563873291015625,-1307.0675048828125
-1312.8330078125,5.1563873291015625,-1306.511962890625
-1313.85009765625,5.1563873291015625,-1305.946044921875
-1314.8492431640625,5.1563873291015625,-1305.3697509765625
-1315.83056640625,5.1563873291015625,-1304.7830810546875
-1316.7943115234375,5.1563873291015625,-1304.1861572265625
-1317.740478515625,5.1563873291015625,-1303.5789794921875
-1318.6693115234375,5.1563873291015625,-1302.961669921875
-1319.5809326171875,5.1563873291015625,-1302.334228515625
-1320.4754638671875,5.1563873291015625,-1301.69677734375
-1321.3531494140625,5.1563873291015625,-1301.04931640625
-1322.2139892578125,5.1563873291015625,-1300.391845703125
-1323.0582275390625,5.1563873291015625,-1299.7244873046875
-1323.885986328125,5.1563873291015625,-1299.04736328125
-1324.6973876953125,5.1563873291015625,-1298.3604736328125
-1325.4925537109375,5.1563873291015625,-1297.663818359375
-1326.2716064453125,5.1563873291015625,-1296.9573974609375
-1327.0347900390625,5.1563873291015625,-1296.241455078125
-1327.7822265625,5.1563873291015625,-1295.515869140625
-1328.513916015625,5.1563873291015625,-1294.78076171875
-1329.2301025390625,5.1563873291015625,-1294.0362548828125
-1329.9310302734375,5.1563873291015625,-1293.2823486328125
-1330.61669921875,5.1563873291015625,-1292.51904296875
-1331.287353515625,5.1563873291015625,-1291.7464599609375
-1331.9429931640625,5.1563873291015625,-1290.964599609375
-1332.5838623046875,5.1563873291015625,-1290.1734619140625
-1333.2100830078125,5.1563873291015625,-1289.373291015625
-1333.82177734375,5.1563873291015625,-1288.56396484375
-1334.419189453125,5.1563873291015625,-1287.74560546875
-1335.0023193359375,5.1563873291015625,-1286.918212890625
-1335.5714111328125,5.1563873291015625,-1286.0819091796875
-1336.1265869140625,5.1563873291015625,-1285.2366943359375
-1336.66796875,5.1563873291015625,-1284.3826904296875
-1337.1956787109375,5.1563873291015625,-1283.5198974609375
-1337.7099609375,5.1563873291015625,-1282.6484375
-1338.2108154296875,5.1563873291015625,-1281.768310546875
-1338.698486328125,5.1563873291015625,-1280.8795166015625
-1339.173095703125,5.1563873291015625,-1279.982177734375
-1339.634765625,5.1563873291015625,-1279.076416015625
-1340.0836181640625,5.1563873291015625,-1278.162109375
-1340.5198974609375,5.1563873291015625,-1277.2393798828125
-1340.943603515625,5.1563873291015625,-1276.308349609375
-1341.35498046875,5.1563873291015625,-1275.3690185546875
-1341.754150390625,5.1563873291015625,-1274.4215087890625
-1342.1412353515625,5.1563873291015625,-1273.4658203125
-1342.516357421875,5.1563873291015625,-1272.501953125
-1342.8797607421875,5.1563873291015625,-1271.530029296875
-1343.2314453125,5.1563873291015625,-1270.550048828125
-1343.5716552734375,5.1563873291015625,-1269.5621337890625
-1343.9005126953125,5.1563873291015625,-1268.5662841796875
-1344.2181396484375,5.1563873291015625,-1267.5626220703125
-1344.524658203125,5.1563873291015625,-1266.5511474609375
-1344.8203125,5.1563873291015625,-1265.5318603515625
-1345.105224609375,5.1563873291015625,-1264.5048828125
-1345.37939453125,5.1563873291015625,-1263.47021484375
-1345.64306640625,5.1563873291015625,-1262.427978515625
-1345.8963623046875,5.1563873291015625,-1261.378173828125
-1346.1395263671875,5.1563873291015625,-1260.3209228515625
-1346.37255859375,5.1563873291015625,-1259.2562255859375
-1346.595703125,5.1563873291015625,-1258.18408203125
-1346.80908203125,5.1563873291015625,-1257.1046142578125
-1347.0128173828125,5.1563873291015625,-1256.0179443359375
-1347.20703125,5.1563873291015625,-1254.924072265625
-1347.391845703125,5.1563873291015625,-1253.822998046875
-1347.5673828125,5.1563873291015625,-1252.71484375
-1347.73388671875,5.1563873291015625,-1251.599609375
-1347.8914794921875,5.1563873291015625,-1250.477294921875
-1348.040283203125,5.1563873291015625,-1249.3480224609375
-1348.180419921875,5.1563873291015625,-1248.2119140625
-1348.31201171875,5.1563873291015625,-1247.0689697265625
-1348.435302734375,5.1563873291015625,-1245.919189453125
-1348.55029296875,5.1563873291015625,-1244.7626953125
-1348.6572265625,5.1563873291015625,-1243.5994873046875
-1348.7562255859375,5.1563873291015625,-1242.4296875
-1348.847412109375,5.1563873291015625,-1241.2532958984375
-1348.9310302734375,5.1563873291015625,-1240.0703125
-1349.007080078125,5.1563873291015625,-1238.880859375
-1349.0758056640625,5.1563873291015625,-1237.68505859375
-1349.1373291015625,5.1563873291015625,-1236.4827880859375
-1349.1917724609375,5.1563873291015625,-1235.2742919921875
-1349.2392578125,5.1563873291015625,-1234.0594482421875
-1349.2799072265625,5.1563873291015625,-1232.83837890625
-1349.31396484375,5.1563873291015625,-1231.6112060546875
-1349.341552734375,5.1563873291015625,-1230.3779296875
-1349.3626708984375,5.1563873291015625,-1229.138671875
-1349.3775634765625,5.1563873291015625,-1227.893310546875
-1349.386474609375,5.1563873291015625,-1226.64208984375
-1349.3900146484375,5.1563873291015625,-1225.384521484375
-1349.3900146484375,5.121505260467529,-1221.81396484375
-1349.3900146484375,5.017589569091797,-1218.2899169921875
-1349.3900146484375,4.845736026763916,-1214.8115234375
-1349.3900146484375,4.6070404052734375,-1211.377685546875
-1349.3900146484375,4.302598476409912,-1207.9874267578125
-1349.3900146484375,3.9335060119628906,-1204.6397705078125
-1349.3900146484375,3.500858783721924,-1201.333740234375
-1349.3900146484375,3.0057525634765625,-1198.068359375
-1349.3900146484375,2.4492831230163574,-1194.842529296875
-1349.3900146484375,1.8325462341308594,-1191.6552734375
-1349.3900146484375,1.1566376686096191,-1188.505615234375
-1349.3900146484375,0.4226531982421875,-1185.392578125
-1349.3900146484375,-0.36831140518188477,-1182.315185546875
-1349.3900146484375,-1.2151603698730469,-1179.2723388671875
-1349.3900146484375,-2.116797924041748,-1176.26318359375
-1349.3900146484375,-3.0721282958984375,-1173.28662109375
-1349.3900146484375,-4.0800557136535645,-1170.3416748046875
-1349.3900146484375,-5.139484405517578,-1167.42724609375
-1349.3900146484375,-6.249318599700928,-1164.54248046875
-1349.3900146484375,-7.4084625244140625,-1161.686279296875
-1349.3900146484375,-8.615819931030273,-1158.857666015625
-1349.3900146484375,-9.870296478271484,-1156.0556640625
-1349.3900146484375,-11.170795440673828,-1153.279296875
-1349.3900146484375,-12.516220092773438,-1150.527587890625
-1349.3900146484375,-13.905475616455078,-1147.7994384765625
-1349.3900146484375,-15.337467193603516,-1145.0938720703125
-1349.3900146484375,-16.811098098754883,-1142.409912109375
-1349.3900146484375,-18.325271606445312,-1139.74658203125
-1349.3900146484375,-19.87889289855957,-1137.1029052734375
-1349.3900146484375,-21.470867156982422,-1134.477783203125
-1349.3900146484375,-23.10009765625,-1131.870361328125
-1349.3900146484375,-24.765487670898438,-1129.279541015625
-1349.3900146484375,-26.4659423828125,-1126.704345703125
-1349.3900146484375,-28.200366973876953,-1124.1436767578125
-1349.3900146484375,-29.96766471862793,-1121.5966796875
-1349.3900146484375,-31.766738891601562,-1119.062255859375
-1349.3900146484375,-33.59649658203125,-1116.5394287109375
-1349.3900146484375,-35.45583724975586,-1114.0272216796875
-1349.3900146484375,-37.34366989135742,-1111.524658203125
-1349.3900146484375,-39.25889587402344,-1109.03076171875
-1349.3900146484375,-41.20042037963867,-1106.54443359375
-1349.3900146484375,-43.16714859008789,-1104.064697265625
-1349.3900146484375,-45.157981872558594,-1101.590576171875
-1349.3900146484375,-47.17182922363281,-1099.12109375
-1349.3900146484375,-49.20759201049805,-1096.6552734375
-1349.3900146484375,-51.2641716003418,-1094.1920166015625
-1349.3900146484375,-53.340476989746094,-1091.7303466796875
-1349.3900146484375,-55.43540954589844,-1089.2694091796875
-1349.3900146484375,-57.547874450683594,-1086.8079833984375
-1349.3900146484375,-59.67677688598633,-1084.34521484375
-1349.3900146484375,-61.82101821899414,-1081.880126953125
-1349.3900146484375,-63.97950744628906,-1079.41162109375
-1349.3900146484375,-66.1511459350586,-1076.938720703125
-1349.3900146484375,-68.3348388671875,-1074.46044921875
-1349.3900146484375,-70.52948760986328,-1071.975830078125
-1349.3900146484375,-72.73400115966797,-1069.4837646484375
-1349.3900146484375,-74.94728088378906,-1066.9833984375
-1349.3900146484375,-77.16822814941406,-1064.4736328125
-1349.3900146484375,-79.395751953125,-1061.9534912109375
-1349.3900146484375,-81.62875366210938,-1059.4219970703125
-1349.3900146484375,-83.86613464355469,-1056.8780517578125
-1349.3900146484375,-86.10680389404297,-1054.32080078125
-1349.3900146484375,-88.34966278076172,-1051.7491455078125
-1349.3900146484375,-90.59362030029297,-1049.162109375
-1349.3900146484375,-92.83757781982422,-1046.5587158203125
-1349.3900146484375,-95.08043670654297,-1043.93798828125
-1349.3900146484375,-97.32110595703125,-1041.298828125
-1349.3900146484375,-99.55848693847656,-1038.640380859375
-1349.3900146484375,-101.79148864746094,-1035.9615478515625
-1349.3900146484375,-104.01901245117188,-1033.2613525390625
-1349.3900146484375,-106.23995971679688,-1030.538818359375
-1349.3900146484375,-108.45323944091797,-1027.7928466796875
-1349.3900146484375,-110.65775299072266,-1025.0224609375
-1349.3900146484375,-112.85240173339844,-1022.2267456054688
-1349.3900146484375,-115.03609466552734,-1019.4046630859375
-1349.3900146484375,-117.20773315429688,-1016.5552368164062
-1349.3900146484375,-119.36621856689453,-1013.6774291992188
-1349.3900146484375,-121.51045989990234,-1010.770263671875
-1349.3900146484375,-123.63935852050781,-1007.832763671875
-1349.3900146484375,-125.75182342529297,-1004.8638916015625
-1349.3900146484375,-127.84675598144531,-1001.8626708984375
-1349.3900146484375,-129.92306518554688,-998.8280639648438
-1349.3900146484375,-131.97964477539062,-995.7590942382812
-1349.3900146484375,-134.01541137695312,-992.65478515625
-1349.3900146484375,-136.0292510986328,-989.5140991210938
-1349.3900146484375,-138.02008056640625,-986.3360595703125
-1349.3900146484375,-139.98680114746094,-983.11962890625
-1349.3900146484375,-141.92832946777344,-979.8638305664062
-1349.3900146484375,-143.8435516357422,-976.5676879882812
-1349.3900146484375,-145.73138427734375,-973.230224609375
-1349.3900146484375,-147.59072875976562,-969.8504028320312
-1349.3900146484375,-149.4204864501953,-966.4271850585938
-1349.3900146484375,-151.2195587158203,-962.9595947265625
-1349.3900146484375,-152.9868621826172,-959.4466552734375
-1349.3900146484375,-154.72128295898438,-955.8873901367188
-1349.3900146484375,-156.42173767089844,-952.28076171875
-1349.3900146484375,-158.08712768554688,-948.6257934570312
-1349.3900146484375,-159.7163543701172,-944.9214477539062
-1349.3900146484375,-161.30833435058594,-941.166748046875
-1349.3900146484375,-162.86195373535156,-937.3607177734375
-1349.3900146484375,-164.37612915039062,-933.5023193359375
-1349.3900146484375,-165.84976196289062,-929.590576171875
-1349.3900146484375,-167.28175354003906,-925.6244506835938
-1349.3900146484375,-168.67100524902344,-921.6029663085938
-1349.3900146484375,-170.0164337158203,-917.525146484375
-1349.3900146484375,-171.31692504882812,-913.3899536132812
-1349.3900146484375,-172.57139587402344,-909.1964111328125
-1349.3900146484375,-173.77874755859375,-904.9435424804688
-1349.3900146484375,-174.93789672851562,-900.6303100585938
-1349.3900146484375,-176.0477294921875,-896.2557373046875
-1349.3900146484375,-177.10716247558594,-891.81884765625
-1349.3900146484375,-178.11509704589844,-887.318603515625
-1349.3900146484375,-179.0704345703125,-882.7540283203125
-1349.3900146484375,-179.97207641601562,-878.1240844726562
-1349.3900146484375,-180.8189239501953,-873.4277954101562
-1349.3900146484375,-181.60989379882812,-868.6641845703125
-1349.3900146484375,-182.3438720703125,-863.8322143554688
-1349.3900146484375,-183.019775390625,-858.930908203125
-1349.3900146484375,-183.63650512695312,-853.959228515625
-1349.3900146484375,-184.19297790527344,-848.9161987304688
-1349.3900146484375,-184.68807983398438,-843.8008422851562
-1349.3900146484375,-185.1207275390625,-838.6121215820312
-1349.3900146484375,-185.4898223876953,-833.3490600585938
-1349.3900146484375,-185.7942657470703,-828.0106811523438
-1349.3900146484375,-186.032958984375,-822.595947265625
-1349.3900146484375,-186.20481872558594,-817.1038818359375
-1349.3900146484375,-186.30873107910156,-811.533447265625
-1349.3900146484375,-186.34361267089844,-805.884521484375
-1349.392822265625,-186.34361267089844,-803.7305297851562
-1349.4013671875,-186.34361267089844,-801.5892944335938
-1349.4158935546875,-186.34361267089844,-799.4609375
-1349.4366455078125,-186.34361267089844,-797.345458984375
-1349.4637451171875,-186.34361267089844,-795.2429809570312
-1349.49755859375,-186.34361267089844,-793.1535034179688
-1349.5382080078125,-186.34361267089844,-791.0770874023438
-1349.5859375,-186.34361267089844,-789.0137939453125
-1349.64111328125,-186.34361267089844,-786.9636840820312
-1349.703857421875,-186.34361267089844,-784.9268188476562
-1349.7744140625,-186.34361267089844,-782.9032592773438
-1349.8529052734375,-186.34361267089844,-780.8930053710938
-1349.939697265625,-186.34361267089844,-778.8961791992188
-1350.034912109375,-186.34361267089844,-776.9127807617188
-1350.138916015625,-186.34361267089844,-774.94287109375
-1350.2518310546875,-186.34361267089844,-772.986572265625
-1350.3739013671875,-186.34361267089844,-771.0438842773438
-1350.50537109375,-186.34361267089844,-769.1148071289062
-1350.646484375,-186.34361267089844,-767.199462890625
-1350.7974853515625,-186.34361267089844,-765.2979125976562
-1350.95849609375,-186.34361267089844,-763.4102172851562
-1351.1298828125,-186.34361267089844,-761.536376953125
-1351.311767578125,-186.34361267089844,-759.6764526367188
-1351.50439453125,-186.34361267089844,-757.83056640625
-1351.7080078125,-186.34361267089844,-755.9987182617188
-1351.9228515625,-186.34361267089844,-754.1809692382812
-1352.149169921875,-186.34361267089844,-752.3773803710938
-1352.38720703125,-186.34361267089844,-750.5880126953125
-1352.6370849609375,-186.34361267089844,-748.8128662109375
-1352.899169921875,-186.34361267089844,-747.0520629882812
-1353.173583984375,-186.34361267089844,-745.3056030273438
-1353.4605712890625,-186.34361267089844,-743.5736083984375
-1353.7603759765625,-186.34361267089844,-741.8560791015625
-1354.0732421875,-186.34361267089844,-740.153076171875
-1354.3994140625,-186.34361267089844,-738.4646606445312
-1354.7391357421875,-186.34361267089844,-736.7908935546875
-1355.092529296875,-186.34361267089844,-735.1318359375
-1355.4599609375,-186.34361267089844,-733.4874877929688
-1355.841552734375,-186.34361267089844,-731.8579711914062
-1356.237548828125,-186.34361267089844,-730.2433471679688
-1356.648193359375,-186.34361267089844,-728.6436157226562
-1357.07373046875,-186.34361267089844,-727.058837890625
-1357.514404296875,-186.34361267089844,-725.4890747070312
-1357.9703369140625,-186.34361267089844,-723.9343872070312
-1358.44189453125,-186.34361267089844,-722.3948364257812
-1358.92919921875,-186.34361267089844,-720.8704833984375
-1359.4324951171875,-186.34361267089844,-719.3613891601562
-1359.9520263671875,-186.34361267089844,-717.8675537109375
-1360.488037109375,-186.34361267089844,-716.3890991210938
-1361.040771484375,-186.34361267089844,-714.926025390625
-1361.6104736328125,-186.34361267089844,-713.4783935546875
-1362.1973876953125,-186.34361267089844,-712.0462646484375
-1362.8016357421875,-186.34361267089844,-710.6296997070312
-1363.4234619140625,-186.34361267089844,-709.228759765625
-1364.063232421875,-186.34361267089844,-707.843505859375
-1364.7210693359375,-186.34361267089844,-706.4739990234375
-1365.397216796875,-186.34361267089844,-705.1202392578125
-1366.091796875,-186.34361267089844,-703.7823486328125
-1366.80517578125,-186.34361267089844,-702.4603271484375
-1367.53759765625,-186.34361267089844,-701.1542358398438
-1368.2891845703125,-186.34361267089844,-699.8641967773438
-1369.0601806640625,-186.34361267089844,-698.5902099609375
-1369.8509521484375,-186.34361267089844,-697.332275390625
-1370.66162109375,-186.34361267089844,-696.0905151367188
-1371.4923095703125,-186.34361267089844,-694.864990234375
-1372.3433837890625,-186.34361267089844,-693.6557006835938
-1373.215087890625,-186.34361267089844,-692.4627685546875
-1374.1075439453125,-186.34361267089844,-691.2861938476562
-1375.0211181640625,-186.34361267089844,-690.1260986328125
-1375.9559326171875,-186.34361267089844,-688.9824829101562
-1376.9122314453125,-186.34361267089844,-687.8554077148438
-1377.8902587890625,-186.34361267089844,-686.7449340820312
-1378.8902587890625,-186.34361267089844,-685.6510620117188
-1379.9124755859375,-186.34361267089844,-684.5739135742188
-1380.9571533203125,-186.34361267089844,-683.5135498046875
-1382.0244140625,-186.34361267089844,-682.469970703125
-1383.114501953125,-186.34361267089844,-681.4432373046875
-1384.227783203125,-186.34361267089844,-680.4334716796875
-1385.3643798828125,-186.34361267089844,-679.440673828125
-1386.5245361328125,-186.34361267089844,-678.4649047851562
-1387.70849609375,-186.34361267089844,-677.5062255859375
-1388.9163818359375,-186.34361267089844,-676.5646362304688
-1390.1485595703125,-186.34361267089844,-675.6402587890625
-1391.4051513671875,-186.34361267089844,-674.733154296875
-1392.6865234375,-186.34361267089844,-673.8433227539062
-1393.9927978515625,-186.34361267089844,-672.9708251953125
-1395.32421875,-186.34361267089844,-672.1157836914062
-1396.6810302734375,-186.34361267089844,-671.2781982421875
-1398.0634765625,-186.34361267089844,-670.4581298828125
-1399.4716796875,-186.34361267089844,-669.6556396484375
-1400.906005859375,-186.34361267089844,-668.8707275390625
-1402.3665771484375,-186.34361267089844,-668.103515625
-1403.853759765625,-186.34361267089844,-667.3540649414062
-1405.36767578125,-186.34361267089844,-666.6223754882812
-1406.9085693359375,-186.34361267089844,-665.9085083007812
-1408.4766845703125,-186.34361267089844,-665.2125854492188
-1410.072265625,-186.34361267089844,-664.5346069335938
-1411.6954345703125,-186.34361267089844,-663.8746337890625
-1413.3465576171875,-186.34361267089844,-663.2327270507812
-1415.0257568359375,-186.34361267089844,-662.60888671875
-1416.7333984375,-186.34361267089844,-662.0032348632812
-1418.4696044921875,-186.34361267089844,-661.4158325195312
-1420.234619140625,-186.34361267089844,-660.8466796875
-1422.0286865234375,-186.34361267089844,-660.2958374023438
-1423.8519287109375,-186.34361267089844,-659.7633666992188
-1425.7047119140625,-186.34361267089844,-659.2493896484375
-1427.587158203125,-186.34361267089844,-658.75390625
-1429.4996337890625,-186.34361267089844,-658.2769165039062
-1431.4422607421875,-186.34361267089844,-657.8185424804688
-1433.415283203125,-186.34361267089844,-657.3788452148438
-1435.4189453125,-186.34361267089844,-656.9578247070312
-1437.4534912109375,-186.34361267089844,-656.5556030273438
-1439.5191650390625,-186.34361267089844,-656.1721801757812
-1441.6160888671875,-186.34361267089844,-655.8076171875
-1443.74462890625,-186.34361267089844,-655.4619750976562
-1445.9049072265625,-186.34361267089844,-655.1353149414062
-1448.09716796875,-186.34361267089844,-654.8276977539062
-1450.3216552734375,-186.34361267089844,-654.5391845703125
-1452.57861328125,-186.34361267089844,-654.2698364257812
-1454.8682861328125,-186.34361267089844,-654.0196533203125
-1457.19091796875,-186.34361267089844,-653.7887573242188
-1459.546630859375,-186.34361267089844,-653.5771484375
-1461.935791015625,-186.34361267089844,-653.3848876953125
-1464.3585205078125,-186.34361267089844,-653.2120361328125
-1466.8150634765625,-186.34361267089844,-653.0586547851562
-1469.3056640625,-186.34361267089844,-652.9248046875
-1471.83056640625,-186.34361267089844,-652.810546875
-1474.3900146484375,-186.34361267089844,-652.7159423828125
-1476.6495361328125,-186.34361267089844,-652.6495361328125
-1478.884033203125,-186.34361267089844,-652.5999145507812
-1481.093505859375,-186.34361267089844,-652.567138671875
-1483.278076171875,-186.34361267089844,-652.55126953125
-1485.4378662109375,-186.34361267089844,-652.5523681640625
-1487.572998046875,-186.34361267089844,-652.5704345703125
-1489.68359375,-186.34361267089844,-652.6055908203125
-1491.769775390625,-186.34361267089844,-652.6578979492188
-1493.8316650390625,-186.34361267089844,-652.7273559570312
-1495.869384765625,-186.34361267089844,-652.8140869140625
-1497.883056640625,-186.34361267089844,-652.9180908203125
-1499.872802734375,-186.34361267089844,-653.0394897460938
-1501.8387451171875,-186.34361267089844,-653.1782836914062
-1503.781005859375,-186.34361267089844,-653.3345947265625
-1505.6995849609375,-186.34361267089844,-653.5084228515625
-1507.5947265625,-186.34361267089844,-653.6998291015625
-1509.466552734375,-186.34361267089844,-653.9088745117188
-1511.3150634765625,-186.34361267089844,-654.1356201171875
-1513.1405029296875,-186.34361267089844,-654.380126953125
-1514.94287109375,-186.34361267089844,-654.6424560546875
-1516.722412109375,-186.34361267089844,-654.9226684570312
-1518.4791259765625,-186.34361267089844,-655.2208251953125
-1520.2132568359375,-186.34361267089844,-655.5369873046875
-1521.9248046875,-186.34361267089844,-655.8712158203125
-1523.6138916015625,-186.34361267089844,-656.2235717773438
-1525.28076171875,-186.34361267089844,-656.5941162109375
-1526.9254150390625,-186.34361267089844,-656.9828491210938
-1528.5479736328125,-186.34361267089844,-657.389892578125
-1530.1485595703125,-186.34361267089844,-657.8152465820312
-1531.727294921875,-186.34361267089844,-658.259033203125
-1533.2843017578125,-186.34361267089844,-658.7212524414062
-1534.8197021484375,-186.34361267089844,-659.2020263671875
-1536.3336181640625,-186.34361267089844,-659.7013549804688
-1537.826171875,-186.34361267089844,-660.2192993164062
-1539.2974853515625,-186.34361267089844,-660.7559814453125
-1540.7476806640625,-186.34361267089844,-661.3114013671875
-1542.1768798828125,-186.34361267089844,-661.8856201171875
-1543.5850830078125,-186.34361267089844,-662.4786987304688
-1544.9725341796875,-186.34361267089844,-663.0906982421875
-1546.33935546875,-186.34361267089844,-663.7216796875
-1547.685546875,-186.34361267089844,-664.3717041015625
-1549.0113525390625,-186.34361267089844,-665.0408325195312
-1550.3167724609375,-186.34361267089844,-665.7291259765625
-1551.60205078125,-186.34361267089844,-666.4366455078125
-1552.8671875,-186.34361267089844,-667.1633911132812
-1554.1124267578125,-186.34361267089844,-667.9094848632812
-1555.3377685546875,-186.34361267089844,-668.6749877929688
-1556.5433349609375,-186.34361267089844,-669.4598999023438
-1557.7293701171875,-186.34361267089844,-670.2643432617188
-1558.8958740234375,-186.34361267089844,-671.0883178710938
-1560.04296875,-186.34361267089844,-671.9319458007812
-1561.1707763671875,-186.34361267089844,-672.7952270507812
-1562.2794189453125,-186.34361267089844,-673.6782836914062
-1563.3690185546875,-186.34361267089844,-674.5811157226562
-1564.439697265625,-186.34361267089844,-675.5037841796875
-1565.4915771484375,-186.34361267089844,-676.4463500976562
-1566.5247802734375,-186.34361267089844,-677.4088745117188
-1567.5394287109375,-186.34361267089844,-678.3914184570312
-1568.53564453125,-186.34361267089844,-679.39404296875
-1569.5135498046875,-186.34361267089844,-680.4168090820312
-1570.47314453125,-186.34361267089844,-681.4597778320312
-1571.4146728515625,-186.34361267089844,-682.5230102539062
-1572.3382568359375,-186.34361267089844,-683.6065673828125
-1573.243896484375,-186.34361267089844,-684.7105102539062
-1574.1318359375,-186.34361267089844,-685.8348999023438
-1575.002197265625,-186.34361267089844,-686.979736328125
-1575.85498046875,-186.34361267089844,-688.1451416015625
-1576.6904296875,-186.34361267089844,-689.3311157226562
-1577.508544921875,-186.34361267089844,-690.5377807617188
-1578.3094482421875,-186.34361267089844,-691.76513671875
-1579.0933837890625,-186.34361267089844,-693.0133056640625
-1579.8603515625,-186.34361267089844,-694.2822875976562
-1580.6104736328125,-186.34361267089844,-695.5721435546875
-1581.3438720703125,-186.34361267089844,-696.8829956054688
-1582.060791015625,-186.34361267089844,-698.21484375
-1582.76123046875,-186.34361267089844,-699.5677490234375
-1583.4453125,-186.34361267089844,-700.9417724609375
-1584.1131591796875,-186.34361267089844,-702.3369750976562
-1584.764892578125,-186.34361267089844,-703.75341796875
-1585.400634765625,-186.34361267089844,-705.191162109375
-1586.0205078125,-186.34361267089844,-706.6502685546875
-1586.62451171875,-186.34361267089844,-708.1307983398438
-1587.212890625,-186.34361267089844,-709.6328125
-1587.7857666015625,-186.34361267089844,-711.1563110351562
-1588.34326171875,-186.34361267089844,-712.701416015625
-1588.8853759765625,-186.34361267089844,-714.2681884765625
-1589.412353515625,-186.34361267089844,-715.8566284179688
-1589.92431640625,-186.34361267089844,-717.4668579101562
-1590.4212646484375,-186.34361267089844,-719.098876953125
-1590.9034423828125,-186.34361267089844,-720.7528076171875
-1591.370849609375,-186.34361267089844,-722.4286499023438
-1591.82373046875,-186.34361267089844,-724.12646484375
-1592.2620849609375,-186.34361267089844,-725.8463745117188
-1592.68603515625,-186.34361267089844,-727.58837890625
-1593.0958251953125,-186.34361267089844,-729.3525390625
-1593.491455078125,-186.34361267089844,-731.138916015625
-1593.873046875,-186.34361267089844,-732.9475708007812
-1594.24072265625,-186.34361267089844,-734.778564453125
-1594.5946044921875,-186.34361267089844,-736.6319580078125
-1594.934814453125,-186.34361267089844,-738.5078125
-1595.261474609375,-186.34361267089844,-740.4061889648438
-1595.57470703125,-186.34361267089844,-742.3271484375
-1595.8746337890625,-186.34361267089844,-744.2706909179688
-1596.161376953125,-186.34361267089844,-746.2369384765625
-1596.43505859375,-186.34361267089844,-748.2259521484375
-1596.69580078125,-186.34361267089844,-750.2377319335938
-1596.9437255859375,-186.34361267089844,-752.2723999023438
-1597.1788330078125,-186.34361267089844,-754.3300170898438
-1597.4013671875,-186.34361267089844,-756.4105834960938
-1597.6114501953125,-186.34361267089844,-758.51416015625
-1597.80908203125,-186.34361267089844,-760.640869140625
-1597.9945068359375,-186.34361267089844,-762.7907104492188
-1598.1678466796875,-186.34361267089844,-764.9637451171875
-1598.3291015625,-186.34361267089844,-767.1600341796875
-1598.4783935546875,-186.34361267089844,-769.3796997070312
-1598.615966796875,-186.34361267089844,-771.6227416992188
-1598.7418212890625,-186.34361267089844,-773.8892211914062
-1598.8560791015625,-186.34361267089844,-776.17919921875
-1598.958984375,-186.34361267089844,-778.4927368164062
-1599.050537109375,-186.34361267089844,-780.8298950195312
-1599.130859375,-186.34361267089844,-783.190673828125
-1599.2000732421875,-186.34361267089844,-785.5751953125
-1599.25830078125,-186.34361267089844,-787.9835205078125
-1599.3056640625,-186.34361267089844,-790.4157104492188
-1599.34228515625,-186.34361267089844,-792.8717651367188
-1599.3682861328125,-186.34361267089844,-795.351806640625
-1599.3837890625,-186.34361267089844,-797.8558349609375
-1599.3900146484375,-186.34361267089844,-800.384521484375
-1599.3900146484375,-186.34361267089844,-800.3984985351562
-1599.3900146484375,-186.34361267089844,-800.4361572265625
-1599.3900146484375,-186.34361267089844,-800.4972534179688
-1599.3900146484375,-186.34361267089844,-800.58154296875
-1599.3900146484375,-186.34361267089844,-800.6887817382812
-1599.3900146484375,-186.34361267089844,-800.8186645507812
-1599.3900146484375,-186.34361267089844,-800.970947265625
-1599.3900146484375,-186.34361267089844,-801.1453857421875
-1599.3900146484375,-186.34361267089844,-801.3417358398438
-1599.3900146484375,-186.34361267089844,-801.5596923828125
-1599.3900146484375,-186.34361267089844,-801.799072265625
-1599.3900146484375,-186.34361267089844,-802.0595703125
-1599.3900146484375,-186.34361267089844,-802.3409423828125
-1599.3900146484375,-186.34361267089844,-802.6429443359375
-1599.3900146484375,-186.34361267089844,-802.9652709960938
-1599.3900146484375,-186.34361267089844,-803.3077392578125
-1599.3900146484375,-186.34361267089844,-803.6700439453125
-1599.3900146484375,-186.34361267089844,-804.0519409179688
-1599.3900146484375,-186.34361267089844,-804.4531860351562
-1599.3900146484375,-186.34361267089844,-804.87353515625
-1599.3900146484375,-186.34361267089844,-805.3126831054688
-1599.3900146484375,-186.34361267089844,-805.7704467773438
-1599.3900146484375,-186.34361267089844,-806.2465209960938
-1599.3900146484375,-186.34361267089844,-806.7406616210938
-1599.3900146484375,-186.34361267089844,-807.2526245117188
-1599.3900146484375,-186.34361267089844,-807.7821044921875
-1599.3900146484375,-186.34361267089844,-808.3289184570312
-1599.3900146484375,-186.34361267089844,-808.8927612304688
-1599.3900146484375,-186.34361267089844,-809.473388671875
-1599.3900146484375,-186.34361267089844,-810.070556640625
-1599.3900146484375,-186.34361267089844,-810.6840209960938
-1599.3900146484375,-186.34361267089844,-811.3134765625
-1599.3900146484375,-186.34361267089844,-811.9586791992188
-1599.3900146484375,-186.34361267089844,-812.619384765625
-1599.3900146484375,-186.34361267089844,-813.2953491210938
-1599.3900146484375,-186.34361267089844,-813.986328125
-1599.3900146484375,-186.34361267089844,-814.6920776367188
-1599.3900146484375,-186.34361267089844,-815.4122924804688
-1599.3900146484375,-186.34361267089844,-816.146728515625
-1599.3900146484375,-186.34361267089844,-816.8951416015625
-1599.3900146484375,-186.34361267089844,-817.6572875976562
-1599.3900146484375,-186.34361267089844,-818.4329223632812
-1599.3900146484375,-186.34361267089844,-819.2217407226562
-1599.3900146484375,-186.34361267089844,-820.0234985351562
-1599.3900146484375,-186.34361267089844,-820.8379516601562
-1599.3900146484375,-186.34361267089844,-821.6648559570312
-1599.3900146484375,-186.34361267089844,-822.5039672851562
-1599.3900146484375,-186.34361267089844,-823.3550415039062
-1599.3900146484375,-186.34361267089844,-824.2177734375
-1599.3900146484375,-186.34361267089844,-825.0919189453125
-1599.3900146484375,-186.34361267089844,-825.9772338867188
-1599.3900146484375,-186.34361267089844,-826.8734741210938
-1599.3900146484375,-186.34361267089844,-827.7803344726562
-1599.3900146484375,-186.34361267089844,-828.6976318359375
-1599.3900146484375,-186.34361267089844,-829.6250610351562
-1599.3900146484375,-186.34361267089844,-830.5623779296875
-1599.3900146484375,-186.34361267089844,-831.5093383789062
-1599.3900146484375,-186.34361267089844,-832.4656372070312
-1599.3900146484375,-186.34361267089844,-833.4310913085938
-1599.3900146484375,-186.34361267089844,-834.4053955078125
-1599.3900146484375,-186.34361267089844,-835.3883056640625
-1599.3900146484375,-186.34361267089844,-836.3795776367188
-1599.3900146484375,-186.34361267089844,-837.3789672851562
-1599.3900146484375,-186.34361267089844,-838.3861694335938
-1599.3900146484375,-186.34361267089844,-839.4010009765625
-1599.3900146484375,-186.34361267089844,-840.4231567382812
-1599.3900146484375,-186.34361267089844,-841.452392578125
-1599.3900146484375,-186.34361267089844,-842.4884643554688
-1599.3900146484375,-186.34361267089844,-843.5310668945312
-1599.3900146484375,-186.34361267089844,-844.5800170898438
-1599.3900146484375,-186.34361267089844,-845.635009765625
-1599.3900146484375,-186.34361267089844,-846.69580078125
-1599.3900146484375,-186.34361267089844,-847.7621459960938
-1599.3900146484375,-186.34361267089844,-848.833740234375
-1599.3900146484375,-186.34361267089844,-849.910400390625
-1599.3900146484375,-186.34361267089844,-850.9918212890625
-1599.3900146484375,-186.34361267089844,-852.0777587890625
-1599.3900146484375,-186.34361267089844,-853.16796875
-1599.3900146484375,-186.34361267089844,-854.26220703125
-1599.3900146484375,-186.34361267089844,-855.3601684570312
-1599.3900146484375,-186.34361267089844,-856.461669921875
-1599.3900146484375,-186.34361267089844,-857.56640625
-1599.3900146484375,-186.34361267089844,-858.6741333007812
-1599.3900146484375,-186.34361267089844,-859.7846069335938
-1599.3900146484375,-186.34361267089844,-860.8975219726562
-1599.3900146484375,-186.34361267089844,-862.0126953125
-1599.3900146484375,-186.34361267089844,-863.1298217773438
-1599.3900146484375,-186.34361267089844,-864.2486572265625
-1599.3900146484375,-186.34361267089844,-865.3689575195312
-1599.3900146484375,-186.34361267089844,-866.490478515625
-1599.3900146484375,-186.34361267089844,-867.6129150390625
-1599.3900146484375,-186.34361267089844,-868.7360229492188
-1599.3900146484375,-186.34361267089844,-869.859619140625
-1599.3900146484375,-186.34361267089844,-870.9833374023438
-1599.3900146484375,-186.34361267089844,-872.1069946289062
-1599.3900146484375,-186.34361267089844,-873.2303466796875
-1599.3900146484375,-186.34361267089844,-874.3530883789062
-1599.3900146484375,-186.34361267089844,-875.4749755859375
-1599.3900146484375,-186.34361267089844,-876.5957641601562
-1599.3900146484375,-186.34361267089844,-877.7152099609375
-1599.3900146484375,-186.34361267089844,-878.8330688476562
-1599.3900146484375,-186.34361267089844,-879.9490356445312
-1599.3900146484375,-186.34361267089844,-881.0629272460938
-1599.3900146484375,-186.34361267089844,-882.1744384765625
-1599.3900146484375,-186.34361267089844,-883.2833251953125
-1599.3900146484375,-186.34361267089844,-884.3892822265625
-1599.3900146484375,-186.34361267089844,-885.4921264648438
-1599.3900146484375,-186.34361267089844,-886.591552734375
-1599.3900146484375,-186.34361267089844,-887.6873168945312
-1599.3900146484375,-186.34361267089844,-888.7791748046875
-1599.3900146484375,-186.34361267089844,-889.8668823242188
-1599.3900146484375,-186.34361267089844,-890.9501953125
-1599.3900146484375,-186.34361267089844,-892.02880859375
-1599.3900146484375,-186.34361267089844,-893.1024780273438
-1599.3900146484375,-186.34361267089844,-894.1709594726562
-1599.3900146484375,-186.34361267089844,-895.2340087890625
-1599.3900146484375,-186.34361267089844,-896.2913818359375
-1599.3900146484375,-186.34361267089844,-897.3427734375
-1599.3900146484375,-186.34361267089844,-898.387939453125
-1599.3900146484375,-186.34361267089844,-899.4266357421875
-1599.3900146484375,-186.34361267089844,-900.4586181640625
-1599.3900146484375,-186.34361267089844,-901.483642578125
-1599.3900146484375,-186.34361267089844,-902.50146484375
-1599.3900146484375,-186.34361267089844,-903.5117797851562
-1599.3900146484375,-186.34361267089844,-904.5143432617188
-1599.3900146484375,-186.34361267089844,-905.5089111328125
-1599.3900146484375,-186.34361267089844,-906.4952392578125
-1599.3900146484375,-186.34361267089844,-907.4732666015625
-1599.3736572265625,-186.34361267089844,-908.4423828125
-1599.3248291015625,-186.34361267089844,-909.4029541015625
-1599.2440185546875,-186.34361267089844,-910.3551635742188
-1599.1318359375,-186.34361267089844,-911.2991943359375
-1598.98876953125,-186.34361267089844,-912.2352905273438
-1598.8153076171875,-186.34361267089844,-913.1636352539062
-1598.6119384765625,-186.34361267089844,-914.0844116210938
-1598.3792724609375,-186.34361267089844,-914.9978637695312
-1598.1177978515625,-186.34361267089844,-915.9041748046875
-1597.8280029296875,-186.34361267089844,-916.8035278320312
-1597.5103759765625,-186.34361267089844,-917.6961669921875
-1597.1654052734375,-186.34361267089844,-918.582275390625
-1596.793701171875,-186.34361267089844,-919.4620361328125
-1596.395751953125,-186.34361267089844,-920.3356323242188
-1595.9720458984375,-186.34361267089844,-921.2033081054688
-1595.5230712890625,-186.34361267089844,-922.0652465820312
-1595.04931640625,-186.34361267089844,-922.9216918945312
-1594.5513916015625,-186.34361267089844,-923.7727661132812
-1594.02978515625,-186.34361267089844,-924.6187133789062
-1593.4849853515625,-186.34361267089844,-925.4597778320312
-1592.9176025390625,-186.34361267089844,-926.296142578125
-1592.3280029296875,-186.34361267089844,-927.1279907226562
-1591.716796875,-186.34361267089844,-927.9555053710938
-1591.08447265625,-186.34361267089844,-928.7788696289062
-1590.4315185546875,-186.34361267089844,-929.5983276367188
-1589.758544921875,-186.34361267089844,-930.4141235351562
-1589.06591796875,-186.34361267089844,-931.2263793945312
-1588.354248046875,-186.34361267089844,-932.0353393554688
-1587.6241455078125,-186.34361267089844,-932.8411865234375
-1586.8759765625,-186.34361267089844,-933.6441650390625
-1586.1102294921875,-186.34361267089844,-934.4444580078125
-1585.3275146484375,-186.34361267089844,-935.2422485351562
-1584.5283203125,-186.34361267089844,-936.0377197265625
-1583.713134765625,-186.34361267089844,-936.8311157226562
-1582.882568359375,-186.34361267089844,-937.6226196289062
-1582.037109375,-186.34361267089844,-938.4124755859375
-1581.1771240234375,-186.34361267089844,-939.2008056640625
-1580.30322265625,-186.34361267089844,-939.9878540039062
-1579.416015625,-186.34361267089844,-940.7738647460938
-1578.515869140625,-186.34361267089844,-941.5589599609375
-1577.6033935546875,-186.34361267089844,-942.3433837890625
-1576.6790771484375,-186.34361267089844,-943.1273803710938
-1575.743408203125,-186.34361267089844,-943.9110717773438
-1574.7969970703125,-186.34361267089844,-944.6947021484375
-1573.8402099609375,-186.34361267089844,-945.4784545898438
-1572.8736572265625,-186.34361267089844,-946.2625732421875
-1571.8978271484375,-186.34361267089844,-947.0472412109375
-1570.9132080078125,-186.34361267089844,-947.8326416015625
-1569.92041015625,-186.34361267089844,-948.6189575195312
-1568.919921875,-186.34361267089844,-949.4064331054688
-1567.9122314453125,-186.34361267089844,-950.1952514648438
-1566.8978271484375,-186.34361267089844,-950.9856567382812
-1565.877197265625,-186.34361267089844,-951.7777709960938
-1564.8509521484375,-186.34361267089844,-952.5718383789062
-1563.819580078125,-186.34361267089844,-953.3681030273438
-1562.7835693359375,-186.34361267089844,-954.1666870117188
-1561.743408203125,-186.34361267089844,-954.9678344726562
-1560.6995849609375,-186.34361267089844,-955.7717895507812
-1559.6527099609375,-186.34361267089844,-956.5786743164062
-1558.603271484375,-186.34361267089844,-957.3887329101562
-1557.5517578125,-186.34361267089844,-958.2022094726562
-1556.4986572265625,-186.34361267089844,-959.0192260742188
-1555.444580078125,-186.34361267089844,-959.8400268554688
-1554.3900146484375,-186.34361267089844,-960.664794921875
-1553.33544921875,-186.34361267089844,-961.4937744140625
-1552.2813720703125,-186.34361267089844,-962.3270874023438
-1551.228271484375,-186.34361267089844,-963.1650390625
-1550.1767578125,-186.34361267089844,-964.0077514648438
-1549.1273193359375,-186.34361267089844,-964.85546875
-1548.0804443359375,-186.34361267089844,-965.7083740234375
-1547.03662109375,-186.34361267089844,-966.566650390625
-1545.9964599609375,-186.34361267089844,-967.4305419921875
-1544.96044921875,-186.34361267089844,-968.3002319335938
-1543.9290771484375,-186.34361267089844,-969.1759033203125
-1542.90283203125,-186.34361267089844,-970.0578002929688
-1541.8822021484375,-186.34361267089844,-970.9461059570312
-1540.8677978515625,-186.34361267089844,-971.8410034179688
-1539.860107421875,-186.34361267089844,-972.7427368164062
-1538.859619140625,-186.34361267089844,-973.6514892578125
-1537.8668212890625,-186.34361267089844,-974.5674438476562
-1536.8822021484375,-186.34361267089844,-975.4907836914062
-1535.9063720703125,-186.34361267089844,-976.4217529296875
-1534.9398193359375,-186.34361267089844,-977.3605346679688
-1533.9830322265625,-186.34361267089844,-978.307373046875
-1533.03662109375,-186.34361267089844,-979.2623901367188
-1532.1009521484375,-186.34361267089844,-980.2258911132812
-1531.1766357421875,-186.34361267089844,-981.197998046875
-1530.26416015625,-186.34361267089844,-982.178955078125
-1529.364013671875,-186.34361267089844,-983.1689453125
-1528.476806640625,-186.34361267089844,-984.1681518554688
-1527.6029052734375,-186.34361267089844,-985.1768188476562
-1526.742919921875,-186.34361267089844,-986.1951293945312
-1525.8974609375,-186.34361267089844,-987.2232666015625
-1525.06689453125,-186.34361267089844,-988.261474609375
-1524.251708984375,-186.34361267089844,-989.3098754882812
-1523.4525146484375,-186.34361267089844,-990.3687744140625
-1522.6697998046875,-186.34361267089844,-991.4382934570312
-1521.904052734375,-186.34361267089844,-992.5186767578125
-1521.1558837890625,-186.34361267089844,-993.610107421875
-1520.42578125,-186.34361267089844,-994.7128295898438
-1519.714111328125,-186.34361267089844,-995.8270263671875
-1519.021484375,-186.34361267089844,-996.952880859375
-1518.3485107421875,-186.34361267089844,-998.090576171875
-1517.695556640625,-186.34361267089844,-999.2403564453125
-1517.063232421875,-186.34361267089844,-1000.4024047851562
-1516.4520263671875,-186.34361267089844,-1001.576904296875
-1515.8624267578125,-186.34361267089844,-1002.7640991210938
-1515.2950439453125,-186.34361267089844,-1003.9641723632812
-1514.750244140625,-186.34361267089844,-1005.1773071289062
-1514.2286376953125,-186.34361267089844,-1006.4037475585938
-1513.730712890625,-186.34361267089844,-1007.6436767578125
-1513.2569580078125,-186.34361267089844,-1008.8972778320312
-1512.8079833984375,-186.34361267089844,-1010.164794921875
-1512.38427734375,-186.34361267089844,-1011.4463500976562
-1511.986328125,-186.34361267089844,-1012.7422485351562
-1511.6146240234375,-186.34361267089844,-1014.0526123046875
-1511.2696533203125,-186.34361267089844,-1015.377685546875
-1510.9520263671875,-186.34361267089844,-1016.7176513671875
-1510.6622314453125,-186.34361267089844,-1018.0726928710938
-1510.4007568359375,-186.34361267089844,-1019.4430541992188
-1510.1680908203125,-186.34361267089844,-1020.8289184570312
-1509.9647216796875,-186.34361267089844,-1022.2305297851562
-1509.791259765625,-186.34361267089844,-1023.6480102539062
-1509.648193359375,-186.34361267089844,-1025.0816650390625
-1509.5360107421875,-186.34361267089844,-1026.5316162109375
-1509.4552001953125,-186.34361267089844,-1027.998046875
-1509.4063720703125,-186.34361267089844,-1029.481201171875
-1509.3900146484375,-186.34361267089844,-1030.981201171875
-1509.3900146484375,-186.34361267089844,-1032.53662109375
-1509.3900146484375,-186.34361267089844,-1034.1845703125
-1509.3900146484375,-186.34361267089844,-1035.9237060546875
-1509.3900146484375,-186.34361267089844,-1037.75244140625
-1509.3900146484375,-186.34361267089844,-1039.66943359375
-1509.3900146484375,-186.34361267089844,-1041.673095703125
-1509.3900146484375,-186.34361267089844,-1043.7620849609375
-1509.3900146484375,-186.34361267089844,-1045.9349365234375
-1509.3900146484375,-186.34361267089844,-1048.1900634765625
-1509.3900146484375,-186.34361267089844,-1050.526123046875
-1509.3900146484375,-186.34361267089844,-1052.941650390625
-1509.3900146484375,-186.34361267089844,-1055.4351806640625
-1509.3900146484375,-186.34361267089844,-1058.0052490234375
-1509.3900146484375,-186.34361267089844,-1060.650390625
-1509.3900146484375,-186.34361267089844,-1063.369140625
-1509.3900146484375,-186.34361267089844,-1066.16015625
-1509.3900146484375,-186.34361267089844,-1069.0218505859375
-1509.3900146484375,-186.34361267089844,-1071.9527587890625
-1509.3900146484375,-186.34361267089844,-1074.9515380859375
-1509.3900146484375,-186.34361267089844,-1078.0166015625
-1509.3900146484375,-186.34361267089844,-1081.1466064453125
-1509.3900146484375,-186.34361267089844,-1084.3399658203125
-1509.3900146484375,-186.34361267089844,-1087.5953369140625
-1509.3900146484375,-186.34361267089844,-1090.9112548828125
-1509.3900146484375,-186.34361267089844,-1094.2862548828125
-1509.3900146484375,-186.34361267089844,-1097.71875
-1509.3900146484375,-186.34361267089844,-1101.2073974609375
-1509.3900146484375,-186.34361267089844,-1104.750732421875
-1509.3900146484375,-186.34361267089844,-1108.3472900390625
-1509.3900146484375,-186.34361267089844,-1111.9957275390625
-1509.3900146484375,-186.34361267089844,-1115.6944580078125
-1509.3900146484375,-186.34361267089844,-1119.4420166015625
-1509.3900146484375,-186.34361267089844,-1123.2369384765625
-1509.3900146484375,-186.34361267089844,-1127.077880859375
-1509.3900146484375,-186.34361267089844,-1130.9632568359375
-1509.3900146484375,-186.34361267089844,-1134.8917236328125
-1509.3900146484375,-186.34361267089844,-1138.8616943359375
-1509.3900146484375,-186.34361267089844,-1142.871826171875
-1509.3900146484375,-186.34361267089844,-1146.9205322265625
-1509.3900146484375,-186.34361267089844,-1151.0064697265625
-1509.3900146484375,-186.34361267089844,-1155.128173828125
-1509.3900146484375,-186.34361267089844,-1159.2841796875
-1509.3900146484375,-186.34361267089844,-1163.4730224609375
-1509.3900146484375,-186.34361267089844,-1167.6932373046875
-1509.3900146484375,-186.34361267089844,-1171.943359375
-1509.3900146484375,-186.34361267089844,-1176.221923828125
-1509.3900146484375,-186.34361267089844,-1180.5274658203125
-1509.3900146484375,-186.34361267089844,-1184.858642578125
-1509.3900146484375,-186.34361267089844,-1189.2138671875
-1509.3900146484375,-186.34361267089844,-1193.5916748046875
-1509.3900146484375,-186.34361267089844,-1197.99072265625
-1509.3900146484375,-186.34361267089844,-1202.409423828125
-1509.3900146484375,-186.34361267089844,-1206.846435546875
-1509.3900146484375,-186.34361267089844,-1211.3001708984375
-1509.3900146484375,-186.34361267089844,-1215.769287109375
-1509.3900146484375,-186.34361267089844,-1220.2523193359375
-1509.3900146484375,-186.34361267089844,-1224.747802734375
-1509.3900146484375,-186.34361267089844,-1229.2542724609375
-1509.3900146484375,-186.34361267089844,-1233.7701416015625
-1509.3900146484375,-186.34361267089844,-1238.2940673828125
-1509.3900146484375,-186.34361267089844,-1242.82470703125
-1509.3900146484375,-186.34361267089844,-1247.3604736328125
-1509.3900146484375,-186.34361267089844,-1251.89990234375
-1509.3900146484375,-186.34361267089844,-1256.4415283203125
-1509.3900146484375,-186.34361267089844,-1260.9840087890625
-1509.3900146484375,-186.34361267089844,-1265.5257568359375
-1509.3900146484375,-186.34361267089844,-1270.0653076171875
-1509.3900146484375,-186.34361267089844,-1274.601318359375
-1509.3900146484375,-186.34361267089844,-1279.1322021484375
-1509.3900146484375,-186.34361267089844,-1283.6566162109375
-1509.3900146484375,-186.34361267089844,-1288.173095703125
-1509.3900146484375,-186.34361267089844,-1292.68017578125
-1509.3900146484375,-186.34361267089844,-1297.17626953125
-1509.3900146484375,-186.34361267089844,-1301.6600341796875
-1509.3900146484375,-186.34361267089844,-1306.1300048828125
-1509.3900146484375,-186.34361267089844,-1310.584716796875
-1509.3900146484375,-186.34361267089844,-1315.022705078125
-1509.3900146484375,-186.34361267089844,-1319.442626953125
-1509.3900146484375,-186.34361267089844,-1323.8428955078125
-1509.3900146484375,-186.34361267089844,-1328.2220458984375
-1509.3900146484375,-186.34361267089844,-1332.57861328125
-1509.3900146484375,-186.34361267089844,-1336.9112548828125
-1509.3900146484375,-186.34361267089844,-1341.2183837890625
-1509.3900146484375,-186.34361267089844,-1345.4986572265625
-1509.3900146484375,-186.34361267089844,-1349.75048828125
-1509.3900146484375,-186.34361267089844,-1353.9725341796875
-1509.3900146484375,-186.34361267089844,-1358.163330078125
-1509.3900146484375,-186.34361267089844,-1362.3212890625
-1509.3900146484375,-186.34361267089844,-1366.445068359375
-1509.3900146484375,-186.34361267089844,-1370.533203125
-1509.3900146484375,-186.34361267089844,-1374.584228515625
-1509.3900146484375,-186.34361267089844,-1378.5966796875
-1509.3900146484375,-186.34361267089844,-1382.569091796875
-1509.3900146484375,-186.34361267089844,-1386.5
-1509.3900146484375,-186.34361267089844,-1390.3880615234375
-1509.3900146484375,-186.34361267089844,-1394.231689453125
-1509.3900146484375,-186.34361267089844,-1398.0294189453125
-1509.3900146484375,-186.34361267089844,-1401.7799072265625
-1509.3900146484375,-186.34361267089844,-1405.4815673828125
-1509.3900146484375,-186.34361267089844,-1409.133056640625
-1509.3900146484375,-186.34361267089844,-1412.7327880859375
-1509.3900146484375,-186.34361267089844,-1416.2794189453125
-1509.3900146484375,-186.34361267089844,-1419.771484375
-1509.3900146484375,-186.34361267089844,-1423.20751953125
-1509.3900146484375,-186.34361267089844,-1426.5859375
-1509.3900146484375,-186.34361267089844,-1429.9053955078125
-1509.3900146484375,-186.34361267089844,-1433.1644287109375
-1509.3900146484375,-186.34361267089844,-1436.361572265625
-1509.3900146484375,-186.34361267089844,-1439.495361328125
-1509.3900146484375,-186.34361267089844,-1442.564453125
-1509.3900146484375,-186.34361267089844,-1445.5672607421875
-1509.3900146484375,-186.34361267089844,-1448.5023193359375
-1509.3900146484375,-186.34361267089844,-1451.3681640625
-1509.3900146484375,-186.34361267089844,-1454.1634521484375
-1509.3900146484375,-186.34361267089844,-1456.8865966796875
-1509.3900146484375,-186.34361267089844,-1459.5362548828125
-1509.3900146484375,-186.34361267089844,-1462.1109619140625
-1509.3900146484375,-186.34361267089844,-1464.609130859375
-1509.3900146484375,-186.34361267089844,-1467.0294189453125
-1509.3900146484375,-186.34361267089844,-1469.370361328125
-1509.3900146484375,-186.34361267089844,-1471.6304931640625
-1509.3900146484375,-186.34361267089844,-1473.808349609375
-1509.3900146484375,-186.34361267089844,-1475.90234375
-1509.3900146484375,-186.34361267089844,-1477.9112548828125
-1509.3900146484375,-186.34361267089844,-1479.83349609375
-1509.3900146484375,-186.34361267089844,-1481.6676025390625
-1509.3900146484375,-186.34361267089844,-1483.412109375
-1509.3900146484375,-186.34361267089844,-1485.065673828125
-1509.4063720703125,-186.34361267089844,-1486.6580810546875
-1509.4552001953125,-186.34361267089844,-1488.2208251953125
-1509.5360107421875,-186.34361267089844,-1489.75439453125
-1509.648193359375,-186.34361267089844,-1491.25927734375
-1509.791259765625,-186.34361267089844,-1492.7359619140625
-1509.9647216796875,-186.34361267089844,-1494.18505859375
-1510.1680908203125,-186.34361267089844,-1495.6070556640625
-1510.4007568359375,-186.34361267089844,-1497.00244140625
-1510.6622314453125,-186.34361267089844,-1498.3717041015625
-1510.9520263671875,-186.34361267089844,-1499.71533203125
-1511.2696533203125,-186.34361267089844,-1501.033935546875
-1511.6146240234375,-186.34361267089844,-1502.3280029296875
-1511.986328125,-186.34361267089844,-1503.5980224609375
-1512.38427734375,-186.34361267089844,-1504.8446044921875
-1512.8079833984375,-186.34361267089844,-1506.068115234375
-1513.2569580078125,-186.34361267089844,-1507.2691650390625
-1513.730712890625,-186.34361267089844,-1508.4482421875
-1514.2286376953125,-186.34361267089844,-1509.60595703125
-1514.750244140625,-186.34361267089844,-1510.74267578125
-1515.2950439453125,-186.34361267089844,-1511.8590087890625
-1515.8624267578125,-186.34361267089844,-1512.9554443359375
-1516.4520263671875,-186.34361267089844,-1514.032470703125
-1517.063232421875,-186.34361267089844,-1515.0906982421875
-1517.695556640625,-186.34361267089844,-1516.130615234375
-1518.3485107421875,-186.34361267089844,-1517.1527099609375
-1519.021484375,-186.34361267089844,-1518.157470703125
-1519.714111328125,-186.34361267089844,-1519.1453857421875
-1520.42578125,-186.34361267089844,-1520.1170654296875
-1521.1558837890625,-186.34361267089844,-1521.072998046875
-1521.904052734375,-186.34361267089844,-1522.013671875
-1522.6697998046875,-186.34361267089844,-1522.939697265625
-1523.4525146484375,-186.34361267089844,-1523.8514404296875
-1524.251708984375,-186.34361267089844,-1524.74951171875
-1525.06689453125,-186.34361267089844,-1525.6343994140625
-1525.8974609375,-186.34361267089844,-1526.5067138671875
-1526.742919921875,-186.34361267089844,-1527.3668212890625
-1527.6029052734375,-186.34361267089844,-1528.21533203125
-1528.476806640625,-186.34361267089844,-1529.052734375
-1529.364013671875,-186.34361267089844,-1529.879638671875
-1530.26416015625,-186.34361267089844,-1530.6964111328125
-1531.1766357421875,-186.34361267089844,-1531.503662109375
-1532.1009521484375,-186.34361267089844,-1532.3018798828125
-1533.03662109375,-186.34361267089844,-1533.091552734375
-1533.9830322265625,-186.34361267089844,-1533.873291015625
-1534.9398193359375,-186.34361267089844,-1534.6474609375
-1535.9063720703125,-186.34361267089844,-1535.4146728515625
-1536.8822021484375,-186.34361267089844,-1536.1754150390625
-1537.8668212890625,-186.34361267089844,-1536.9302978515625
-1538.859619140625,-186.34361267089844,-1537.6796875
-1539.860107421875,-186.34361267089844,-1538.4241943359375
-1540.8677978515625,-186.34361267089844,-1539.164306640625
-1541.8822021484375,-186.34361267089844,-1539.900634765625
-1542.90283203125,-186.34361267089844,-1540.633544921875
-1543.9290771484375,-186.34361267089844,-1541.3636474609375
-1544.96044921875,-186.34361267089844,-1542.0914306640625
-1545.9964599609375,-186.34361267089844,-1542.8175048828125
-1547.03662109375,-186.34361267089844,-1543.542236328125
-1548.0804443359375,-186.34361267089844,-1544.2662353515625
-1549.1273193359375,-186.34361267089844,-1544.989990234375
-1550.1767578125,-186.34361267089844,-1545.7139892578125
-1551.228271484375,-186.34361267089844,-1546.4388427734375
-1552.2813720703125,-186.34361267089844,-1547.1649169921875
-1553.33544921875,-186.34361267089844,-1547.892822265625
-1554.3900146484375,-186.34361267089844,-1548.623046875
-1555.444580078125,-186.34361267089844,-1549.356201171875
-1556.4986572265625,-186.34361267089844,-1550.0926513671875
-1557.5517578125,-186.34361267089844,-1550.8330078125
-1558.603271484375,-186.34361267089844,-1551.5777587890625
-1559.6527099609375,-186.34361267089844,-1552.3275146484375
-1560.6995849609375,-186.34361267089844,-1553.0826416015625
-1561.743408203125,-186.34361267089844,-1553.84375
-1562.7835693359375,-186.34361267089844,-1554.611328125
-1563.819580078125,-186.34361267089844,-1555.3858642578125
-1564.8509521484375,-186.34361267089844,-1556.16796875
-1565.877197265625,-186.34361267089844,-1556.9581298828125
-1566.8978271484375,-186.34361267089844,-1557.7568359375
-1567.9122314453125,-186.34361267089844,-1558.5645751953125
-1568.919921875,-186.34361267089844,-1559.3818359375
-1569.92041015625,-186.34361267089844,-1560.209228515625
-1570.9132080078125,-186.34361267089844,-1561.0472412109375
-1571.8978271484375,-186.34361267089844,-1561.8963623046875
-1572.8736572265625,-186.34361267089844,-1562.7572021484375
-1573.8402099609375,-186.34361267089844,-1563.630126953125
-1574.7969970703125,-186.34361267089844,-1564.5157470703125
-1575.743408203125,-186.34361267089844,-1565.41455078125
-1576.6790771484375,-186.34361267089844,-1566.3271484375
-1577.6033935546875,-186.34361267089844,-1567.25390625
-1578.515869140625,-186.34361267089844,-1568.1954345703125
-1579.416015625,-186.34361267089844,-1569.1522216796875
-1580.30322265625,-186.34361267089844,-1570.124755859375
-1581.1771240234375,-186.34361267089844,-1571.1136474609375
-1582.037109375,-186.34361267089844,-1572.119384765625
-1582.882568359375,-186.34361267089844,-1573.1424560546875
-1583.713134765625,-186.34361267089844,-1574.183349609375
-1584.5283203125,-186.34361267089844,-1575.2425537109375
-1585.3275146484375,-186.34361267089844,-1576.3206787109375
-1586.1102294921875,-186.34361267089844,-1577.418212890625
-1586.8759765625,-186.34361267089844,-1578.53564453125
-1587.6241455078125,-186.34361267089844,-1579.6734619140625
-1588.354248046875,-186.34361267089844,-1580.832275390625
-1589.06591796875,-186.34361267089844,-1582.0125732421875
-1589.758544921875,-186.34361267089844,-1583.21484375
-1590.4315185546875,-186.34361267089844,-1584.4395751953125
-1591.08447265625,-186.34361267089844,-1585.6873779296875
-1591.716796875,-186.34361267089844,-1586.958740234375
-1592.3280029296875,-186.34361267089844,-1588.254150390625
-1592.9176025390625,-186.34361267089844,-1589.5740966796875
-1593.4849853515625,-186.34361267089844,-1590.919189453125
-1594.02978515625,-186.34361267089844,-1592.289794921875
-1594.5513916015625,-186.34361267089844,-1593.6865234375
-1595.04931640625,-186.34361267089844,-1595.10986328125
-1595.5230712890625,-186.34361267089844,-1596.5604248046875
-1595.9720458984375,-186.34361267089844,-1598.0386962890625
-1596.395751953125,-186.34361267089844,-1599.545166015625
-1596.793701171875,-186.34361267089844,-1601.080322265625
-1597.1654052734375,-186.34361267089844,-1602.6446533203125
-1597.5103759765625,-186.34361267089844,-1604.23876953125
-1597.8280029296875,-186.34361267089844,-1605.8631591796875
-1598.1177978515625,-186.34361267089844,-1607.518310546875
-1598.3792724609375,-186.34361267089844,-1609.2047119140625
-1598.6119384765625,-186.34361267089844,-1610.9229736328125
-1598.8153076171875,-186.34361267089844,-1612.6734619140625
-1598.98876953125,-186.34361267089844,-1614.456787109375
-1599.1318359375,-186.34361267089844,-1616.2735595703125
-1599.2440185546875,-186.34361267089844,-1618.1241455078125
-1599.3248291015625,-186.34361267089844,-1620.0091552734375
-1599.3736572265625,-186.34361267089844,-1621.9290771484375
-1599.3900146484375,-186.34361267089844,-1623.884521484375
-1599.36865234375,-186.34768676757812,-1629.29052734375
-1599.3045654296875,-186.35984802246094,-1634.602294921875
-1599.197998046875,-186.37998962402344,-1639.8206787109375
-1599.04931640625,-186.4080047607422,-1644.946533203125
-1598.858642578125,-186.4437713623047,-1649.9805908203125
-1598.6263427734375,-186.48719787597656,-1654.9237060546875
-1598.3526611328125,-186.53817749023438,-1659.7767333984375
-1598.0377197265625,-186.5966033935547,-1664.5404052734375
-1597.681884765625,-186.662353515625,-1669.2156982421875
-1597.2852783203125,-186.73533630371094,-1673.8033447265625
-1596.8482666015625,-186.81544494628906,-1678.3040771484375
-1596.37109375,-186.90257263183594,-1682.7188720703125
-1595.85400390625,-186.99659729003906,-1687.0484619140625
-1595.297119140625,-187.09742736816406,-1691.293701171875
-1594.7008056640625,-187.2049560546875,-1695.455322265625
-1594.0653076171875,-187.31907653808594,-1699.5343017578125
-1593.390869140625,-187.43966674804688,-1703.5313720703125
-1592.677734375,-187.56663513183594,-1707.447265625
-1591.9261474609375,-187.6998748779297,-1711.282958984375
-1591.1363525390625,-187.8392791748047,-1715.0391845703125
-1590.30859375,-187.98472595214844,-1718.716796875
-1589.443115234375,-188.13612365722656,-1722.316650390625
-1588.5401611328125,-188.29336547851562,-1725.8394775390625
-1587.5999755859375,-188.45632934570312,-1729.2861328125
-1586.622802734375,-188.6249237060547,-1732.657470703125
-1585.60888671875,-188.79904174804688,-1735.954345703125
-1584.5584716796875,-188.97857666015625,-1739.177490234375
-1583.4718017578125,-189.1634063720703,-1742.3277587890625
-1582.3492431640625,-189.3534393310547,-1745.406005859375
-1581.19091796875,-189.54856872558594,-1748.4129638671875
-1579.9970703125,-189.74867248535156,-1751.349609375
-1578.76806640625,-189.9536590576172,-1754.2166748046875
-1577.5040283203125,-190.16342163085938,-1757.014892578125
-1576.2052001953125,-190.37783813476562,-1759.7452392578125
-1574.8719482421875,-190.59681701660156,-1762.408447265625
-1573.50439453125,-190.82025146484375,-1765.00537109375
-1572.1029052734375,-191.0480194091797,-1767.5367431640625
-1570.6676025390625,-191.280029296875,-1770.00341796875
-1569.1988525390625,-191.51617431640625,-1772.40625
-1567.69677734375,-191.75634765625,-1774.74609375
-1566.1617431640625,-192.00042724609375,-1777.0238037109375
-1564.5938720703125,-192.24832153320312,-1779.2401123046875
-1562.9935302734375,-192.4999237060547,-1781.3958740234375
-1561.3609619140625,-192.75511169433594,-1783.4918212890625
-1559.6962890625,-193.0137939453125,-1785.5289306640625
-1557.9998779296875,-193.27586364746094,-1787.5079345703125
-1556.27197265625,-193.54119873046875,-1789.4296875
-1554.5128173828125,-193.80970764160156,-1791.294921875
-1552.72265625,-194.08126831054688,-1793.1044921875
-1550.901611328125,-194.3557891845703,-1794.8592529296875
-1549.050048828125,-194.63316345214844,-1796.56005859375
-1547.168212890625,-194.91326904296875,-1798.2076416015625
-1545.25634765625,-195.19601440429688,-1799.802978515625
-1543.314697265625,-195.48129272460938,-1801.3466796875
-1541.343505859375,-195.76898193359375,-1802.8397216796875
-1539.343017578125,-196.05899047851562,-1804.2828369140625
-1537.3134765625,-196.35121154785156,-1805.6768798828125
-1535.255126953125,-196.64552307128906,-1807.022705078125
-1533.168212890625,-196.94183349609375,-1808.3211669921875
-1531.0531005859375,-197.2400360107422,-1809.572998046875
-1528.909912109375,-197.54000854492188,-1810.779052734375
-1526.7388916015625,-197.84165954589844,-1811.940185546875
-1524.540283203125,-198.14486694335938,-1813.05712890625
-1522.3143310546875,-198.4495391845703,-1814.1307373046875
-1520.0614013671875,-198.7555694580078,-1815.161865234375
-1517.7816162109375,-199.06283569335938,-1816.1513671875
-1515.4752197265625,-199.37124633789062,-1817.0999755859375
-1513.142578125,-199.68067932128906,-1818.008544921875
-1510.7838134765625,-199.9910430908203,-1818.8779296875
-1508.3992919921875,-200.30223083496094,-1819.7088623046875
-1505.9891357421875,-200.61412048339844,-1820.502197265625
-1503.5537109375,-200.92662048339844,-1821.2587890625
-1501.0931396484375,-201.23960876464844,-1821.9794921875
-1498.6077880859375,-201.55299377441406,-1822.6650390625
-1496.0977783203125,-201.86666870117188,-1823.3162841796875
-1493.5634765625,-202.18051147460938,-1823.93408203125
-1491.005126953125,-202.4944305419922,-1824.519287109375
-1488.4228515625,-202.8083038330078,-1825.0726318359375
-1485.8170166015625,-203.12203979492188,-1825.594970703125
-1483.1878662109375,-203.43551635742188,-1826.087158203125
-1480.53564453125,-203.74864196777344,-1826.5499267578125
-1477.860595703125,-204.06130981445312,-1826.984130859375
-1475.162841796875,-204.37339782714844,-1827.390625
-1472.4427490234375,-204.684814453125,-1827.770263671875
-1469.7005615234375,-204.9954376220703,-1828.123779296875
-1466.9365234375,-205.30517578125,-1828.4520263671875
-1464.15087890625,-205.61390686035156,-1828.755859375
-1461.3438720703125,-205.92153930664062,-1829.0361328125
-1458.5157470703125,-206.2279510498047,-1829.2935791015625
-1455.666748046875,-206.53305053710938,-1829.529052734375
-1452.797119140625,-206.83673095703125,-1829.743408203125
-1449.9071044921875,-207.1388702392578,-1829.9373779296875
-1446.9969482421875,-207.4393768310547,-1830.11181640625
-1444.0670166015625,-207.73812866210938,-1830.267578125
-1441.117431640625,-208.0350341796875,-1830.405517578125
-1438.1484375,-208.32997131347656,-1830.5263671875
-1435.1602783203125,-208.6228485107422,-1830.6309814453125
-1432.1533203125,-208.91354370117188,-1830.72021484375
-1429.127685546875,-209.20196533203125,-1830.7947998046875
-1426.0836181640625,-209.4879913330078,-1830.8555908203125
-1423.021484375,-209.7715301513672,-1830.9034423828125
-1419.94140625,-210.05245971679688,-1830.939208984375
-1416.8436279296875,-210.3306884765625,-1830.9637451171875
-1413.728515625,-210.60609436035156,-1830.977783203125
-1410.59619140625,-210.8785858154297,-1830.9820556640625
-1407.447021484375,-211.14804077148438,-1830.9775390625
-1404.2811279296875,-211.41436767578125,-1830.9649658203125
-1401.098876953125,-211.6774444580078,-1830.9451904296875
-1397.9005126953125,-211.9371795654297,-1830.9190673828125
-1394.6861572265625,-212.19345092773438,-1830.887451171875
-1391.4561767578125,-212.4461669921875,-1830.85107421875
-1388.2108154296875,-212.69520568847656,-1830.810791015625
-1384.9501953125,-212.9404754638672,-1830.767333984375
-1381.6746826171875,-213.18185424804688,-1830.7216796875
-1378.384521484375,-213.41925048828125,-1830.674560546875
-1375.0799560546875,-213.6525421142578,-1830.6268310546875
-1371.76123046875,-213.8816375732422,-1830.5792236328125
-1368.4285888671875,-214.10641479492188,-1830.5325927734375
-1365.0821533203125,-214.3267822265625,-1830.48779296875
-1361.7222900390625,-214.54261779785156,-1830.4456787109375
-1358.3492431640625,-214.7538299560547,-1830.4071044921875
-1354.9632568359375,-214.96029663085938,-1830.372802734375
-1351.5645751953125,-215.16192626953125,-1830.3436279296875
-1348.153564453125,-215.3585968017578,-1830.3203125
-1344.7303466796875,-215.55020141601562,-1830.3038330078125
-1341.295166015625,-215.7366485595703,-1830.294921875
-1337.8482666015625,-215.91781616210938,-1830.29443359375
-1334.3900146484375,-216.09361267089844,-1830.302978515625
-1327.4722900390625,-216.44224548339844,-1830.287841796875
-1320.674560546875,-216.79083251953125,-1830.188232421875
-1313.995849609375,-217.1393280029297,-1830.0050048828125
-1307.4349365234375,-217.48770141601562,-1829.7388916015625
-1300.990966796875,-217.83590698242188,-1829.390869140625
-1294.662841796875,-218.18389892578125,-1828.961669921875
-1288.449462890625,-218.53163146972656,-1828.4521484375
-1282.349853515625,-218.87905883789062,-1827.8631591796875
-1276.3629150390625,-219.2261505126953,-1827.1954345703125
-1270.4876708984375,-219.57286071777344,-1826.449951171875
-1264.7230224609375,-219.9191436767578,-1825.62744140625
-1259.0679931640625,-220.26495361328125,-1824.728759765625
-1253.521484375,-220.61026000976562,-1823.754638671875
-1248.08251953125,-220.95501708984375,-1822.7060546875
-1242.75,-221.29917907714844,-1821.583740234375
-1237.52294921875,-221.6427001953125,-1820.3885498046875
-1232.4002685546875,-221.98553466796875,-1819.1212158203125
-1227.380859375,-222.32765197753906,-1817.78271484375
-1222.4638671875,-222.66900634765625,-1816.373779296875
-1217.6480712890625,-223.00955200195312,-1814.895263671875
-1212.9324951171875,-223.3492431640625,-1813.347900390625
-1208.316162109375,-223.6880340576172,-1811.732666015625
-1203.7979736328125,-224.02589416503906,-1810.05029296875
-1199.376953125,-224.36277770996094,-1808.3016357421875
-1195.052001953125,-224.69863891601562,-1806.487548828125
-1190.822021484375,-225.03343200683594,-1804.60888671875
-1186.68603515625,-225.36712646484375,-1802.6663818359375
-1182.64306640625,-225.6996612548828,-1800.660888671875
-1178.6920166015625,-226.031005859375,-1798.59326171875
-1174.831787109375,-226.36111450195312,-1796.4642333984375
-1171.0614013671875,-226.68995666503906,-1794.2747802734375
-1167.3798828125,-227.01747131347656,-1792.025634765625
-1163.7861328125,-227.3436279296875,-1789.7176513671875
-1160.279052734375,-227.6683807373047,-1787.3515625
-1156.857666015625,-227.99168395996094,-1784.9283447265625
-1153.52099609375,-228.31349182128906,-1782.44873046875
-1150.2679443359375,-228.63377380371094,-1779.91357421875
-1147.097412109375,-228.95248413085938,-1777.32373046875
-1144.0084228515625,-229.2695770263672,-1774.679931640625
-1140.9998779296875,-229.5850067138672,-1771.983154296875
-1138.07080078125,-229.89874267578125,-1769.234130859375
-1135.22021484375,-230.21072387695312,-1766.43359375
-1132.4468994140625,-230.5209197998047,-1763.58251953125
-1129.75,-230.82928466796875,-1760.681640625
-1127.12841796875,-231.13577270507812,-1757.7318115234375
-1124.5810546875,-231.4403533935547,-1754.73388671875
-1122.10693359375,-231.74298095703125,-1751.688720703125
-1119.7049560546875,-232.04359436035156,-1748.5970458984375
-1117.3741455078125,-232.34217834472656,-1745.4598388671875
-1115.1134033203125,-232.638671875,-1742.2777099609375
-1112.9217529296875,-232.93304443359375,-1739.0516357421875
-1110.798095703125,-233.22523498535156,-1735.782470703125
-1108.741455078125,-233.5152130126953,-1732.470947265625
-1106.750732421875,-233.8029327392578,-1729.117919921875
-1104.824951171875,-234.08836364746094,-1725.7242431640625
-1102.9630126953125,-234.37144470214844,-1722.2906494140625
-1101.1639404296875,-234.6521453857422,-1718.8179931640625
-1099.4266357421875,-234.930419921875,-1715.3072509765625
-1097.7501220703125,-235.2062225341797,-1711.759033203125
-1096.13330078125,-235.47952270507812,-1708.17431640625
-1094.5750732421875,-235.75027465820312,-1704.5538330078125
-1093.074462890625,-236.01841735839844,-1700.8984375
-1091.6304931640625,-236.283935546875,-1697.208984375
-1090.2420654296875,-236.54676818847656,-1693.486328125
-1088.908203125,-236.80686950683594,-1689.731201171875
-1087.6278076171875,-237.064208984375,-1685.944580078125
-1086.3997802734375,-237.31874084472656,-1682.127197265625
-1085.2232666015625,-237.57041931152344,-1678.27978515625
-1084.0970458984375,-237.81919860839844,-1674.4033203125
-1083.0201416015625,-238.06504821777344,-1670.49853515625
-1081.9915771484375,-238.30792236328125,-1666.5662841796875
-1081.01025390625,-238.5477752685547,-1662.607421875
-1080.0750732421875,-238.78456115722656,-1658.6226806640625
-1079.18505859375,-239.0182342529297,-1654.613037109375
-1078.3392333984375,-239.24876403808594,-1650.5792236328125
-1077.5364990234375,-239.47610473632812,-1646.5220947265625
-1076.7757568359375,-239.70021057128906,-1642.4423828125
-1076.0560302734375,-239.92103576660156,-1638.341064453125
-1075.376220703125,-240.13853454589844,-1634.2188720703125
-1074.7353515625,-240.35267639160156,-1630.07666015625
-1074.1324462890625,-240.56341552734375,-1625.915283203125
-1073.56640625,-240.7707061767578,-1621.7354736328125
-1073.0361328125,-240.97450256347656,-1617.5380859375
-1072.5406494140625,-241.17477416992188,-1613.323974609375
-1072.078857421875,-241.37147521972656,-1609.093994140625
-1071.6497802734375,-241.56455993652344,-1604.848876953125
-1071.2523193359375,-241.7539825439453,-1600.589599609375
-1070.885498046875,-241.939697265625,-1596.31689453125
-1070.5482177734375,-242.12167358398438,-1592.0316162109375
-1070.239501953125,-242.2998504638672,-1587.7344970703125
-1069.958251953125,-242.4741973876953,-1583.426513671875
-1069.7034912109375,-242.64468383789062,-1579.1083984375
-1069.47412109375,-242.81124877929688,-1574.781005859375
-1069.2691650390625,-242.97386169433594,-1570.445068359375
-1069.0875244140625,-243.13246154785156,-1566.1015625
-1068.92822265625,-243.28701782226562,-1561.751220703125
-1068.7901611328125,-243.4375,-1557.3948974609375
-1068.67236328125,-243.58384704589844,-1553.0333251953125
-1068.57373046875,-243.7260284423828,-1548.66748046875
-1068.4932861328125,-243.86399841308594,-1544.298095703125
-1068.429931640625,-243.99771118164062,-1539.926025390625
-1068.3826904296875,-244.1271209716797,-1535.5521240234375
-1068.3504638671875,-244.252197265625,-1531.17724609375
-1068.3321533203125,-244.3728790283203,-1526.8021240234375
-1068.326904296875,-244.4891357421875,-1522.4276123046875
-1068.33349609375,-244.60092163085938,-1518.0545654296875
-1068.3509521484375,-244.7082061767578,-1513.6837158203125
-1068.3782958984375,-244.81092834472656,-1509.3160400390625
-1068.4144287109375,-244.9090576171875,-1504.9522705078125
-1068.458251953125,-245.00254821777344,-1500.59326171875
-1068.5087890625,-245.0913543701172,-1496.23974609375
-1068.5650634765625,-245.17544555664062,-1491.8927001953125
-1068.6259765625,-245.2547607421875,-1487.5528564453125
-1068.6904296875,-245.3292694091797,-1483.2210693359375
-1068.7574462890625,-245.39892578125,-1478.898193359375
-1068.8260498046875,-245.4636993408203,-1474.5849609375
-1068.8951416015625,-245.52352905273438,-1470.2823486328125
-1068.963623046875,-245.57838439941406,-1465.9910888671875
-1069.030517578125,-245.6282196044922,-1461.7119140625
-1069.0948486328125,-245.67298889160156,-1457.44580078125
-1069.155517578125,-245.712646484375,-1453.1934814453125
-1069.21142578125,-245.7471466064453,-1448.955810546875
-1069.2615966796875,-245.77645874023438,-1444.733642578125
-1069.304931640625,-245.800537109375,-1440.52783203125
-1069.3404541015625,-245.8193359375,-1436.339111328125
-1069.3670654296875,-245.83282470703125,-1432.1683349609375
-1069.3837890625,-245.8409423828125,-1428.016357421875
-1069.3900146484375,-245.84361267089844,-1423.884521484375
-1069.3900146484375,-245.84361267089844,-1423.798095703125
-1069.3900146484375,-245.84361267089844,-1423.5445556640625
-1069.3900146484375,-245.84361267089844,-1423.1263427734375
-1069.3900146484375,-245.84361267089844,-1422.5458984375
-1069.3900146484375,-245.84361267089844,-1421.8056640625
-1069.3900146484375,-245.84361267089844,-1420.9080810546875
-1069.3900146484375,-245.84361267089844,-1419.85546875
-1069.3900146484375,-245.84361267089844,-1418.6502685546875
-1069.3900146484375,-245.84361267089844,-1417.294921875
-1069.3900146484375,-245.84361267089844,-1415.7918701171875
-1069.3900146484375,-245.84361267089844,-1414.1434326171875
-1069.3900146484375,-245.84361267089844,-1412.3521728515625
-1069.3900146484375,-245.84361267089844,-1410.42041015625
-1069.3900146484375,-245.84361267089844,-1408.3505859375
-1069.3900146484375,-245.84361267089844,-1406.1451416015625
-1069.3900146484375,-245.84361267089844,-1403.8065185546875
-1069.3900146484375,-245.84361267089844,-1401.3370361328125
-1069.3900146484375,-245.84361267089844,-1398.7392578125
-1069.3900146484375,-245.84361267089844,-1396.0155029296875
-1069.3900146484375,-245.84361267089844,-1393.168212890625
-1069.3900146484375,-245.84361267089844,-1390.19970703125
-1069.3900146484375,-245.84361267089844,-1387.112548828125
-1069.3900146484375,-245.84361267089844,-1383.9090576171875
-1069.3900146484375,-245.84361267089844,-1380.591796875
-1069.3900146484375,-245.84361267089844,-1377.1630859375
-1069.3900146484375,-245.84361267089844,-1373.625244140625
-1069.3900146484375,-245.84361267089844,-1369.9808349609375
-1069.3900146484375,-245.84361267089844,-1366.2322998046875
-1069.3900146484375,-245.84361267089844,-1362.3819580078125
-1069.3900146484375,-245.84361267089844,-1358.4322509765625
-1069.3900146484375,-245.84361267089844,-1354.3856201171875
-1069.3900146484375,-245.84361267089844,-1350.2445068359375
-1069.3900146484375,-245.84361267089844,-1346.01123046875
-1069.3900146484375,-245.84361267089844,-1341.688232421875
-1069.3900146484375,-245.84361267089844,-1337.278076171875
-1069.3900146484375,-245.84361267089844,-1332.7830810546875
-1069.3900146484375,-245.84361267089844,-1328.20556640625
-1069.3900146484375,-245.84361267089844,-1323.548095703125
-1069.3900146484375,-245.84361267089844,-1318.81298828125
-1069.3900146484375,-245.84361267089844,-1314.0028076171875
-1069.3900146484375,-245.84361267089844,-1309.119873046875
-1069.3900146484375,-245.84361267089844,-1304.1666259765625
-1069.3900146484375,-245.84361267089844,-1299.1453857421875
-1069.3900146484375,-245.84361267089844,-1294.0587158203125
-1069.3900146484375,-245.84361267089844,-1288.908935546875
-1069.3900146484375,-245.84361267089844,-1283.698486328125
-1069.3900146484375,-245.84361267089844,-1278.4298095703125
-1069.3900146484375,-245.84361267089844,-1273.1053466796875
-1069.3900146484375,-245.84361267089844,-1267.7275390625
-1069.3900146484375,-245.84361267089844,-1262.2987060546875
-1069.3900146484375,-245.84361267089844,-1256.8212890625
-1069.3900146484375,-245.84361267089844,-1251.2977294921875
-1069.3900146484375,-245.84361267089844,-1245.73046875
-1069.3900146484375,-245.84361267089844,-1240.1219482421875
-1069.3900146484375,-245.84361267089844,-1234.4744873046875
-1069.3900146484375,-245.84361267089844,-1228.79052734375
-1069.3900146484375,-245.84361267089844,-1223.072509765625
-1069.3900146484375,-245.84361267089844,-1217.3228759765625
-1069.3900146484375,-245.84361267089844,-1211.5440673828125
-1069.3900146484375,-245.84361267089844,-1205.738525390625
-1069.3900146484375,-245.84361267089844,-1199.9085693359375
-1069.3900146484375,-245.84361267089844,-1194.056640625
-1069.3900146484375,-245.84361267089844,-1188.1851806640625
-1069.3900146484375,-245.84361267089844,-1182.296630859375
-1069.3900146484375,-245.84361267089844,-1176.3934326171875
-1069.3900146484375,-245.84361267089844,-1170.4779052734375
-1069.3900146484375,-245.84361267089844,-1164.552490234375
-1069.3900146484375,-245.84361267089844,-1158.61962890625
-1069.3900146484375,-245.84361267089844,-1152.6817626953125
-1069.3900146484375,-245.84361267089844,-1146.7413330078125
-1069.3900146484375,-245.84361267089844,-1140.8006591796875
-1069.3900146484375,-245.84361267089844,-1134.8623046875
-1069.3900146484375,-245.84361267089844,-1128.9285888671875
-1069.3900146484375,-245.84361267089844,-1123.001953125
-1069.3900146484375,-245.84361267089844,-1117.084716796875
-1069.3900146484375,-245.84361267089844,-1111.179443359375
-1069.3900146484375,-245.84361267089844,-1105.2884521484375
-1069.3900146484375,-245.84361267089844,-1099.414306640625
-1069.3900146484375,-245.84361267089844,-1093.559326171875
-1069.3900146484375,-245.84361267089844,-1087.725830078125
-1069.3900146484375,-245.84361267089844,-1081.9163818359375
-1069.3900146484375,-245.84361267089844,-1076.1334228515625
-1069.3900146484375,-245.84361267089844,-1070.3792724609375
-1069.3900146484375,-245.84361267089844,-1064.6563720703125
-1069.3900146484375,-245.84361267089844,-1058.9671630859375
-1069.3900146484375,-245.84361267089844,-1053.3140869140625
-1069.3900146484375,-245.84361267089844,-1047.699462890625
-1069.3900146484375,-245.84361267089844,-1042.125732421875
-1069.3900146484375,-245.84361267089844,-1036.595458984375
-1069.3900146484375,-245.84361267089844,-1031.1109619140625
-1069.3900146484375,-245.84361267089844,-1025.674560546875
-1069.3900146484375,-245.84361267089844,-1020.288818359375
-1069.3900146484375,-245.84361267089844,-1014.9561157226562
-1069.3900146484375,-245.84361267089844,-1009.6788330078125
-1069.3900146484375,-245.84361267089844,-1004.45947265625
-1069.3900146484375,-245.84361267089844,-999.3003540039062
-1069.3900146484375,-245.84361267089844,-994.2039794921875
-1069.3900146484375,-245.84361267089844,-989.1727294921875
-1069.3900146484375,-245.84361267089844,-984.208984375
-1069.3900146484375,-245.84361267089844,-979.3152465820312
-1069.3900146484375,-245.84361267089844,-974.4938354492188
-1069.3900146484375,-245.84361267089844,-969.7472534179688
-1069.3900146484375,-245.84361267089844,-965.077880859375
-1069.3900146484375,-245.84361267089844,-960.4881591796875
-1069.3900146484375,-245.84361267089844,-955.98046875
-1069.3900146484375,-245.84361267089844,-951.5572509765625
-1069.3900146484375,-245.84361267089844,-947.220947265625
-1069.3900146484375,-245.84361267089844,-942.9739379882812
-1069.3900146484375,-245.84361267089844,-938.8186645507812
-1069.3900146484375,-245.84361267089844,-934.757568359375
-1069.3900146484375,-245.84361267089844,-930.7930297851562
-1069.3900146484375,-245.84361267089844,-926.927490234375
-1069.3900146484375,-245.84361267089844,-923.163330078125
-1069.3900146484375,-245.84361267089844,-919.5029907226562
-1069.3900146484375,-245.84361267089844,-915.9489135742188
-1069.3900146484375,-245.84361267089844,-912.5034790039062
-1069.3900146484375,-245.84361267089844,-909.1691284179688
-1069.3900146484375,-245.84361267089844,-905.9483032226562
-1069.3900146484375,-245.84361267089844,-902.8433837890625
-1069.3900146484375,-245.84361267089844,-899.8568115234375
-1069.3900146484375,-245.84361267089844,-896.990966796875
-1069.3900146484375,-245.84361267089844,-894.2483520507812
-1069.3900146484375,-245.84361267089844,-891.6312866210938
-1069.3900146484375,-245.84361267089844,-889.1422729492188
-1069.3900146484375,-245.84361267089844,-886.78369140625
-1069.3900146484375,-245.84361267089844,-884.5579223632812
-1069.3900146484375,-245.84361267089844,-882.4674682617188
-1069.3900146484375,-245.84361267089844,-880.514404296875
-1069.36083984375,-245.84361267089844,-878.6509399414062
-1069.2740478515625,-245.84361267089844,-876.8263549804688
-1069.1304931640625,-245.84361267089844,-875.0399780273438
-1068.9310302734375,-245.84361267089844,-873.2911376953125
-1068.6766357421875,-245.84361267089844,-871.5792236328125
-1068.3682861328125,-245.84361267089844,-869.9035034179688
-1068.0068359375,-245.84361267089844,-868.2633056640625
-1067.5931396484375,-245.84361267089844,-866.6580200195312
-1067.128173828125,-245.84361267089844,-865.0869140625
-1066.6129150390625,-245.84361267089844,-863.54931640625
-1066.0482177734375,-245.84361267089844,-862.0446166992188
-1065.4349365234375,-245.84361267089844,-860.5720825195312
-1064.7740478515625,-245.84361267089844,-859.131103515625
-1064.0665283203125,-245.84361267089844,-857.7210083007812
-1063.313232421875,-245.84361267089844,-856.341064453125
-1062.5150146484375,-245.84361267089844,-854.9906616210938
-1061.6728515625,-245.84361267089844,-853.6691284179688
-1060.7877197265625,-245.84361267089844,-852.375732421875
-1059.8604736328125,-245.84361267089844,-851.10986328125
-1058.8919677734375,-245.84361267089844,-849.870849609375
-1057.8831787109375,-245.84361267089844,-848.6580200195312
-1056.8350830078125,-245.84361267089844,-847.470703125
-1055.74853515625,-245.84361267089844,-846.3082275390625
-1054.6243896484375,-245.84361267089844,-845.169921875
-1053.463623046875,-245.84361267089844,-844.0551147460938
-1052.2672119140625,-245.84361267089844,-842.963134765625
-1051.0360107421875,-245.84361267089844,-841.893310546875
-1049.7708740234375,-245.84361267089844,-840.844970703125
-1048.4727783203125,-245.84361267089844,-839.8174438476562
-1047.1427001953125,-245.84361267089844,-838.81005859375
-1045.781494140625,-245.84361267089844,-837.8221435546875
-1044.3900146484375,-245.84361267089844,-836.8530883789062
-1042.96923828125,-245.84361267089844,-835.9021606445312
-1041.5201416015625,-245.84361267089844,-834.9686889648438
-1040.0435791015625,-245.84361267089844,-834.0520629882812
-1038.5404052734375,-245.84361267089844,-833.1515502929688
-1037.0115966796875,-245.84361267089844,-832.2665405273438
-1035.4581298828125,-245.84361267089844,-831.3963012695312
-1033.880859375,-245.84361267089844,-830.5402221679688
-1032.2806396484375,-245.84361267089844,-829.6975708007812
-1030.658447265625,-245.84361267089844,-828.8677368164062
-1029.0152587890625,-245.84361267089844,-828.0499877929688
-1027.3519287109375,-245.84361267089844,-827.2437133789062
-1025.6693115234375,-245.84361267089844,-826.4482421875
-1023.9683837890625,-245.84361267089844,-825.6629028320312
-1022.2501220703125,-245.84361267089844,-824.886962890625
-1020.515380859375,-245.84361267089844,-824.1198120117188
-1018.7650146484375,-245.84361267089844,-823.3607788085938
-1017.0,-245.84361267089844,-822.6091918945312
-1015.2213134765625,-245.84361267089844,-821.8643798828125
-1013.4298095703125,-245.84361267089844,-821.1256713867188
-1011.6263427734375,-245.84361267089844,-820.3923950195312
-1009.8118896484375,-245.84361267089844,-819.6638793945312
-1007.9874267578125,-245.84361267089844,-818.939453125
-1006.15380859375,-245.84361267089844,-818.2184448242188
-1004.3118896484375,-245.84361267089844,-817.500244140625
-1002.462646484375,-245.84361267089844,-816.7841186523438
-1000.6070556640625,-245.84361267089844,-816.0693969726562
-998.7459716796875,-245.84361267089844,-815.3554077148438
-996.8802490234375,-245.84361267089844,-814.6415405273438
-995.0108642578125,-245.84361267089844,-813.9270629882812
-993.1387939453125,-245.84361267089844,-813.2113037109375
-991.264892578125,-245.84361267089844,-812.49365234375
-989.3900146484375,-245.84361267089844,-811.7733764648438
-987.51513671875,-245.84361267089844,-811.0498657226562
-985.6412353515625,-245.84361267089844,-810.3223876953125
-983.7691650390625,-245.84361267089844,-809.59033203125
-981.8997802734375,-245.84361267089844,-808.85302734375
-980.0340576171875,-245.84361267089844,-808.1097412109375
-978.1729736328125,-245.84361267089844,-807.35986328125
-976.3173828125,-245.84361267089844,-806.6027221679688
-974.4681396484375,-245.84361267089844,-805.837646484375
-972.626220703125,-245.84361267089844,-805.0639038085938
-970.7926025390625,-245.84361267089844,-804.2808837890625
-968.9681396484375,-245.84361267089844,-803.4879150390625
-967.1536865234375,-245.84361267089844,-802.684326171875
-965.3502197265625,-245.84361267089844,-801.8694458007812
-963.5587158203125,-245.84361267089844,-801.0426025390625
-961.780029296875,-245.84361267089844,-800.203125
-960.0150146484375,-245.84361267089844,-799.350341796875
-958.2646484375,-245.84361267089844,-798.4835815429688
-956.5299072265625,-245.84361267089844,-797.6022338867188
-954.8116455078125,-245.84361267089844,-796.70556640625
-953.1107177734375,-245.84361267089844,-795.7929077148438
-951.4281005859375,-245.84361267089844,-794.8635864257812
-949.7647705078125,-245.84361267089844,-793.9169921875
-948.12158203125,-245.84361267089844,-792.952392578125
-946.4993896484375,-245.84361267089844,-791.9691162109375
-944.899169921875,-245.84361267089844,-790.966552734375
-943.3218994140625,-245.84361267089844,-789.9439697265625
-941.7684326171875,-245.84361267089844,-788.9007568359375
-940.2396240234375,-245.84361267089844,-787.836181640625
-938.7364501953125,-245.84361267089844,-786.7496337890625
-937.2598876953125,-245.84361267089844,-785.6404418945312
-935.810791015625,-245.84361267089844,-784.5078735351562
-934.3900146484375,-245.84361267089844,-783.351318359375
-932.99853515625,-245.84361267089844,-782.1701049804688
-931.6373291015625,-245.84361267089844,-780.9635009765625
-930.3072509765625,-245.84361267089844,-779.7308959960938
-929.0091552734375,-245.84361267089844,-778.4716186523438
-927.7440185546875,-245.84361267089844,-777.1849975585938
-926.5128173828125,-245.84361267089844,-775.870361328125
-925.31640625,-245.84361267089844,-774.5270385742188
-924.1556396484375,-245.84361267089844,-773.1543579101562
-923.031494140625,-245.84361267089844,-771.7516479492188
-921.9449462890625,-245.84361267089844,-770.3182373046875
-920.8968505859375,-245.84361267089844,-768.8534545898438
-919.8880615234375,-245.84361267089844,-767.3566284179688
-918.9195556640625,-245.84361267089844,-765.8271484375
-917.9923095703125,-245.84361267089844,-764.2642822265625
-917.107177734375,-245.84361267089844,-762.6673583984375
-916.2650146484375,-245.84361267089844,-761.0357055664062
-915.466796875,-245.84361267089844,-759.3687133789062
-914.7135009765625,-245.84361267089844,-757.6656494140625
-914.0059814453125,-245.84361267089844,-755.9258422851562
-913.3450927734375,-245.84361267089844,-754.148681640625
-912.7318115234375,-245.84361267089844,-752.3334350585938
-912.1671142578125,-245.84361267089844,-750.4794921875
-911.65185546875,-245.84361267089844,-748.586181640625
-911.1868896484375,-245.84361267089844,-746.6527709960938
-910.773193359375,-245.84361267089844,-744.6786499023438
-910.4117431640625,-245.84361267089844,-742.6630859375
-910.1033935546875,-245.84361267089844,-740.60546875
-909.8489990234375,-245.84361267089844,-738.505126953125
-909.6495361328125,-245.84361267089844,-736.3613891601562
-909.5059814453125,-245.84361267089844,-734.173583984375
-909.419189453125,-245.84361267089844,-731.9409790039062
-909.3900146484375,-245.84361267089844,-729.6629028320312
-909.3900146484375,-245.843994140625,-728.70458984375
-909.3900146484375,-245.8451385498047,-727.741455078125
-909.3900146484375,-245.84703063964844,-726.7735595703125
-909.3900146484375,-245.84970092773438,-725.8010864257812
-909.3900146484375,-245.85313415527344,-724.8240966796875
-909.3900146484375,-245.8573455810547,-723.8426513671875
-909.3900146484375,-245.86231994628906,-722.85693359375
-909.3900146484375,-245.86807250976562,-721.866943359375
-909.3900146484375,-245.87461853027344,-720.8728637695312
-909.3900146484375,-245.88194274902344,-719.874755859375
-909.3900146484375,-245.8900604248047,-718.8727416992188
-909.3900146484375,-245.8989715576172,-717.8668823242188
-909.3900146484375,-245.90867614746094,-716.8572998046875
-909.3900146484375,-245.91917419433594,-715.8441162109375
-909.3900146484375,-245.93048095703125,-714.827392578125
-909.3900146484375,-245.94259643554688,-713.8072509765625
-909.3900146484375,-245.9555206298828,-712.7838134765625
-909.3900146484375,-245.96925354003906,-711.7571411132812
-909.3900146484375,-245.98379516601562,-710.7273559570312
-909.3900146484375,-245.99916076660156,-709.694580078125
-909.3900146484375,-246.01535034179688,-708.6588745117188
-909.3900146484375,-246.03236389160156,-707.6203002929688
-909.3900146484375,-246.05020141601562,-706.5790405273438
-909.3900146484375,-246.06887817382812,-705.53515625
-909.3900146484375,-246.08839416503906,-704.48876953125
-909.3900146484375,-246.10874938964844,-703.43994140625
-909.3900146484375,-246.12994384765625,-702.3887939453125
-909.3900146484375,-246.1519775390625,-701.3353881835938
-909.3900146484375,-246.17486572265625,-700.2799072265625
-909.3900146484375,-246.1986083984375,-699.222412109375
-909.3900146484375,-246.22320556640625,-698.1629638671875
-909.3900146484375,-246.2486572265625,-697.1016845703125
-909.3900146484375,-246.2749786376953,-696.0386962890625
-909.3900146484375,-246.30215454101562,-694.9740600585938
-909.3900146484375,-246.3302001953125,-693.9078979492188
-909.3900146484375,-246.359130859375,-692.84033203125
-909.3900146484375,-246.38893127441406,-691.7714233398438
-909.3900146484375,-246.41961669921875,-690.7012939453125
-909.3900146484375,-246.451171875,-689.6300659179688
-909.3900146484375,-246.48361206054688,-688.5578002929688
-909.3900146484375,-246.51695251464844,-687.484619140625
-909.3900146484375,-246.55117797851562,-686.41064453125
-909.3900146484375,-246.5863037109375,-685.3359375
-909.3900146484375,-246.62232971191406,-684.2605590820312
-909.3900146484375,-246.6592559814453,-683.1846923828125
-909.3900146484375,-246.69708251953125,-682.1083984375
-909.3900146484375,-246.73582458496094,-681.0317993164062
-909.3900146484375,-246.77548217773438,-679.9549560546875
-909.3900146484375,-246.81605529785156,-678.8779907226562
-909.3900146484375,-246.8575439453125,-677.8009643554688
-909.3900146484375,-246.89996337890625,-676.7240600585938
-909.3900146484375,-246.94329833984375,-675.6472778320312
-909.3900146484375,-246.98756408691406,-674.57080078125
-909.3900146484375,-247.0327606201172,-673.4946899414062
-909.3900146484375,-247.0789031982422,-672.4190673828125
-909.3900146484375,-247.1259765625,-671.343994140625
-909.3900146484375,-247.1739959716797,-670.2695922851562
-909.3900146484375,-247.22296142578125,-669.1959838867188
-909.3900146484375,-247.2728729248047,-668.1232299804688
-909.3900146484375,-247.32374572753906,-667.0514526367188
-909.3900146484375,-247.3755645751953,-665.9807739257812
-909.3900146484375,-247.4283447265625,-664.9112548828125
-909.3900146484375,-247.48208618164062,-663.843017578125
-909.3900146484375,-247.53680419921875,-662.776123046875
-909.3900146484375,-247.5924835205078,-661.7107543945312
-909.3900146484375,-247.64913940429688,-660.6469116210938
-909.3900146484375,-247.70677185058594,-659.5847778320312
-909.3900146484375,-247.765380859375,-658.5244140625
-909.3900146484375,-247.82498168945312,-657.4658813476562
-909.3900146484375,-247.88555908203125,-656.4093627929688
-909.3900146484375,-247.94712829589844,-655.3549194335938
-909.3900146484375,-248.0096893310547,-654.3026123046875
-909.3900146484375,-248.07325744628906,-653.2525634765625
-909.3900146484375,-248.1378173828125,-652.2048950195312
-909.3900146484375,-248.20338439941406,-651.1597290039062
-909.3900146484375,-248.26995849609375,-650.1171264648438
-909.3900146484375,-248.33753967285156,-649.0772094726562
-909.3900146484375,-248.4061279296875,-648.0400390625
-909.3900146484375,-248.47573852539062,-647.0057373046875
-909.3900146484375,-248.54637145996094,-645.9744262695312
-909.3900146484375,-248.61802673339844,-644.9461669921875
-909.3900146484375,-248.69070434570312,-643.9210815429688
-909.3900146484375,-248.76441955566406,-642.8992919921875
-909.3900146484375,-248.8391571044922,-641.880859375
-909.3900146484375,-248.91493225097656,-640.8659057617188
-909.3900146484375,-248.9917449951172,-639.8544921875
-909.3900146484375,-249.06961059570312,-638.8467407226562
-909.3900146484375,-249.1485137939453,-637.8427734375
-909.3900146484375,-249.2284698486328,-636.8427124023438
-909.3900146484375,-249.30947875976562,-635.8466186523438
-909.3900146484375,-249.39154052734375,-634.8545532226562
-909.3900146484375,-249.47467041015625,-633.86669921875
-909.3900146484375,-249.55886840820312,-632.883056640625
-909.3900146484375,-249.64413452148438,-631.90380859375
-909.3900146484375,-249.73046875,-630.9290161132812
-909.3900146484375,-249.81787109375,-629.9588012695312
-909.3900146484375,-249.90635681152344,-628.9932861328125
-909.3900146484375,-249.99591064453125,-628.0325317382812
-909.3900146484375,-250.0865478515625,-627.07666015625
-909.3900146484375,-250.17828369140625,-626.125732421875
-909.3900146484375,-250.27110290527344,-625.1798706054688
-909.3900146484375,-250.36502075195312,-624.2391967773438
-909.3900146484375,-250.4600372314453,-623.3037719726562
-909.3900146484375,-250.55615234375,-622.3737182617188
-909.3900146484375,-250.6533660888672,-621.4490966796875
-909.3900146484375,-250.75169372558594,-620.5300903320312
-909.3900146484375,-250.8511199951172,-619.61669921875
-909.3900146484375,-250.95166015625,-618.7091064453125
-909.3900146484375,-251.05332946777344,-617.807373046875
-909.3900146484375,-251.15611267089844,-616.91162109375
-909.3900146484375,-251.26002502441406,-616.0219116210938
-909.3900146484375,-251.36505126953125,-615.1383666992188
-909.3900146484375,-251.47122192382812,-614.2611083984375
-909.3900146484375,-251.57852172851562,-613.3901977539062
-909.3900146484375,-251.68695068359375,-612.5257568359375
-909.3900146484375,-251.79652404785156,-611.6679077148438
-909.3900146484375,-251.90724182128906,-610.8167114257812
-909.3900146484375,-252.01910400390625,-609.9722900390625
-909.3900146484375,-252.1321258544922,-609.1347045898438
-909.3900146484375,-252.2462921142578,-608.3040771484375
-909.3900146484375,-252.3616180419922,-607.4805297851562
-909.3900146484375,-252.4781036376953,-606.6641845703125
-909.3900146484375,-252.5957489013672,-605.8551025390625
-909.3900146484375,-252.71456909179688,-605.0533447265625
-909.3900146484375,-252.83456420898438,-604.2590942382812
-909.3900146484375,-252.9557342529297,-603.472412109375
-909.3900146484375,-253.0780792236328,-602.693359375
-909.3900146484375,-253.20155334472656,-601.922119140625
-909.4317016601562,-254.18948364257812,-595.9435424804688
-909.5552978515625,-255.2226104736328,-589.942138671875
-909.7584228515625,-256.30010986328125,-583.9190063476562
-910.038818359375,-257.4211120605469,-577.875244140625
-910.3942260742188,-258.5848083496094,-571.8119506835938
-910.8223266601562,-259.7903747558594,-565.730224609375
-911.32080078125,-261.03692626953125,-559.6311645507812
-911.8873901367188,-262.32366943359375,-553.515869140625
-912.519775390625,-263.6497497558594,-547.385498046875
-913.2156982421875,-265.01434326171875,-541.2410888671875
-913.9728393554688,-266.4165954589844,-535.083740234375
-914.7888793945312,-267.8556823730469,-528.9146118164062
-915.6615600585938,-269.33074951171875,-522.7347412109375
-916.5885620117188,-270.8409729003906,-516.5452880859375
-917.5675659179688,-272.385498046875,-510.3473205566406
-918.5963134765625,-273.9635009765625,-504.1419677734375
-919.6725463867188,-275.57415771484375,-497.9302978515625
-920.7938842773438,-277.21661376953125,-491.71343994140625
-921.9581298828125,-278.8900451660156,-485.49249267578125
-923.1629028320312,-280.5935974121094,-479.2685241699219
-924.4059448242188,-282.3264465332031,-473.04266357421875
-925.6849365234375,-284.0877380371094,-466.8160400390625
-926.9976196289062,-285.87664794921875,-460.5897216796875
-928.3416748046875,-287.6923522949219,-454.36480712890625
-929.71484375,-289.53399658203125,-448.1424255371094
-931.1148071289062,-291.4007568359375,-441.92364501953125
-932.5392456054688,-293.2917785644531,-435.7095947265625
-933.9859008789062,-295.20623779296875,-429.5013732910156
-935.4524536132812,-297.143310546875,-423.3000793457031
-936.9366455078125,-299.1021423339844,-417.1068115234375
-938.4361572265625,-301.0818786621094,-410.92266845703125
-939.9486694335938,-303.0816955566406,-404.748779296875
-941.471923828125,-305.10076904296875,-398.5862121582031
-943.0036010742188,-307.13824462890625,-392.43609619140625
-944.5414428710938,-309.19329833984375,-386.2995300292969
-946.0831298828125,-311.2651062011719,-380.1775817871094
-947.6263427734375,-313.3528137207031,-374.0713806152344
-949.1688232421875,-315.45556640625,-367.9820556640625
-950.708251953125,-317.5725402832031,-361.9106750488281
-952.2423095703125,-319.7029113769531,-355.85833740234375
-953.7687377929688,-321.8458251953125,-349.826171875
-955.2852783203125,-324.0004577636719,-343.81524658203125
-956.7896118164062,-326.16595458984375,-337.8266906738281
-958.2794189453125,-328.34149169921875,-331.8616027832031
-959.7523803710938,-330.5262451171875,-325.92108154296875
-961.2062377929688,-332.7193603515625,-320.0062255859375
-962.6387329101562,-334.9200134277344,-314.1181335449219
-964.0474853515625,-337.1273498535156,-308.2579345703125
-965.4302978515625,-339.3405456542969,-302.42669677734375
-966.7847900390625,-341.5587463378906,-296.62554931640625
-968.1087036132812,-343.7811279296875,-290.8555908203125
-969.3997802734375,-346.0068664550781,-285.1178894042969
-970.6556396484375,-348.235107421875,-279.41357421875
-971.8740844726562,-350.46502685546875,-273.7437744140625
-973.052734375,-352.6957702636719,-268.10955810546875
-974.1893310546875,-354.926513671875,-262.51202392578125
-975.2816162109375,-357.1564025878906,-256.9523010253906
-976.3272094726562,-359.3846130371094,-251.4314727783203
-977.3238525390625,-361.6103210449219,-245.9506378173828
-978.269287109375,-363.8326721191406,-240.5109100341797
-979.1611938476562,-366.0508117675781,-235.11338806152344
-979.9972534179688,-368.2639465332031,-229.75917053222656
-980.7752075195312,-370.47119140625,-224.44935607910156
-981.4927368164062,-372.6717529296875,-219.18505859375
-982.1475830078125,-374.8647766113281,-213.96737670898438
-982.7374267578125,-377.0494079589844,-208.7974090576172
-983.2599487304688,-379.2248229980469,-203.67626953125
-983.712890625,-381.39019775390625,-198.6050567626953
-984.0939331054688,-383.544677734375,-193.58486938476562
-984.4008178710938,-385.68743896484375,-188.61680603027344
-984.6312255859375,-387.817626953125,-183.70196533203125
-984.7828369140625,-389.9344177246094,-178.84146118164062
-984.8533935546875,-392.0369873046875,-174.03639221191406
-984.840576171875,-394.1244812011719,-169.28785705566406
-984.7421264648438,-396.196044921875,-164.5969696044922
-984.5557250976562,-398.2508850097656,-159.96481323242188
-984.279052734375,-400.2881164550781,-155.3925018310547
-983.9098510742188,-402.30694580078125,-150.88113403320312
-983.44580078125,-404.3065185546875,-146.43182373046875
-982.8846435546875,-406.2859802246094,-142.04566955566406
-982.2240600585938,-408.2445068359375,-137.72377014160156
-981.4617919921875,-410.1812744140625,-133.46722412109375
-980.595458984375,-412.0954284667969,-129.27713012695312
-979.6228637695312,-413.98614501953125,-125.15460205078125
-978.5416259765625,-415.8525695800781,-121.10073852539062
-977.3494873046875,-417.6938781738281,-117.11663818359375
-976.044189453125,-419.5092468261719,-113.20340728759766
-974.6233520507812,-421.2978210449219,-109.36215209960938
-973.0847778320312,-423.0587463378906,-105.5939712524414
-971.4260864257812,-424.79119873046875,-101.89996337890625
-969.64501953125,-426.4943542480469,-98.28123474121094
-967.7393188476562,-428.1673889160156,-94.7388916015625
-965.7066650390625,-429.8094177246094,-91.27403259277344
-963.5447387695312,-431.4196472167969,-87.88775634765625
-961.251220703125,-432.9972229003906,-84.58116912841797
-958.8238525390625,-434.54132080078125,-81.3553695678711
-956.2603759765625,-436.05108642578125,-78.21146392822266
-953.5584716796875,-437.5256652832031,-75.15055847167969
-950.7158203125,-438.9642639160156,-72.17375183105469
-947.7301025390625,-440.36602783203125,-69.28214263916016
-944.59912109375,-441.7301025390625,-66.47683715820312
-941.3204956054688,-443.0556640625,-63.75893783569336
-937.8919677734375,-444.3418884277344,-61.129547119140625
-934.3112182617188,-445.5879211425781,-58.58976364135742
-930.5759887695312,-446.7929382324219,-56.14069366455078
-926.6839599609375,-447.9560852050781,-53.78343963623047
-922.6328125,-449.0765380859375,-51.51910400390625
-918.4202880859375,-450.1534423828125,-49.34878921508789
-914.0440673828125,-451.18597412109375,-47.27359390258789
-909.5018920898438,-452.1733093261719,-45.29462432861328
-904.7914428710938,-453.1145935058594,-43.41298294067383
-899.910400390625,-454.0090026855469,-41.6297721862793
-894.8565063476562,-454.8556823730469,-39.94609451293945
-889.62744140625,-455.65380859375,-38.36305236816406
-884.220947265625,-456.40252685546875,-36.881744384765625
-878.6347045898438,-457.10101318359375,-35.50327682495117
-872.8663940429688,-457.7484436035156,-34.22875213623047
-866.9137573242188,-458.3439636230469,-33.05927276611328
-860.7745361328125,-458.8867492675781,-31.995939254760742
-854.4463500976562,-459.3759460449219,-31.03985595703125
-847.9269409179688,-459.81072998046875,-30.192123413085938
-841.2140502929688,-460.19024658203125,-29.453845977783203
-834.3053588867188,-460.513671875,-28.826126098632812
-827.1985473632812,-460.7801818847656,-28.3100643157959
-819.8912963867188,-460.9889221191406,-27.90676498413086
-812.38134765625,-461.1390686035156,-27.617328643798828
-804.6664428710938,-461.2297668457031,-27.442859649658203
-796.744873046875,-461.2602844238281,-27.384521484375
-796.7273559570312,-461.260498046875,-27.38448143005371
-796.6790161132812,-461.26116943359375,-27.384361267089844
-796.5999755859375,-461.2622985839844,-27.38416290283203
-796.4902954101562,-461.26385498046875,-27.38388442993164
-796.35009765625,-461.265869140625,-27.383527755737305
-796.1795043945312,-461.268310546875,-27.38309097290039
-795.9786376953125,-461.27117919921875,-27.38257598876953
-795.7476196289062,-461.2745056152344,-27.38198471069336
-795.4865112304688,-461.27825927734375,-27.381315231323242
-795.1954345703125,-461.2824401855469,-27.38056755065918
-794.87451171875,-461.28704833984375,-27.379743576049805
-794.5238647460938,-461.2920837402344,-27.378843307495117
-794.1436157226562,-461.29754638671875,-27.377866744995117
-793.7338256835938,-461.3034362792969,-27.376813888549805
-793.2946166992188,-461.30975341796875,-27.37568473815918
-792.8261108398438,-461.3164978027344,-27.374481201171875
-792.3284301757812,-461.32366943359375,-27.373201370239258
-791.8016967773438,-461.33123779296875,-27.37184715270996
-791.2459716796875,-461.3392333984375,-27.370418548583984
-790.661376953125,-461.34765625,-27.368915557861328
-790.0480346679688,-461.3564758300781,-27.367338180541992
-789.406005859375,-461.36572265625,-27.36568832397461
-788.7354736328125,-461.3753662109375,-27.36396598815918
-788.0364990234375,-461.3854064941406,-27.36216926574707
-787.3092041015625,-461.3958740234375,-27.360300064086914
-786.5537109375,-461.40673828125,-27.35835838317871
-785.7701416015625,-461.4179992675781,-27.356346130371094
-784.9585571289062,-461.4296569824219,-27.35426139831543
-784.1190795898438,-461.44171142578125,-27.35210609436035
-783.2518310546875,-461.45416259765625,-27.349878311157227
-782.35693359375,-461.4670104980469,-27.347579956054688
-781.4344482421875,-461.4802551269531,-27.345211029052734
-780.4845581054688,-461.493896484375,-27.3427734375
-779.50732421875,-461.5079345703125,-27.34026527404785
-778.5028686523438,-461.5223693847656,-27.337688446044922
-777.4713134765625,-461.53717041015625,-27.335041046142578
-776.4127197265625,-461.5523681640625,-27.332324981689453
-775.3272094726562,-461.56793212890625,-27.329540252685547
-774.2149047851562,-461.5838928222656,-27.326688766479492
-773.075927734375,-461.6002197265625,-27.323768615722656
-771.910400390625,-461.616943359375,-27.320781707763672
-770.7183837890625,-461.634033203125,-27.317726135253906
-769.5,-461.6514892578125,-27.314603805541992
-768.25537109375,-461.6693420410156,-27.31141471862793
-766.984619140625,-461.68756103515625,-27.30815887451172
-765.6878662109375,-461.7061462402344,-27.304838180541992
-764.3651733398438,-461.72509765625,-27.301450729370117
-763.0166625976562,-461.7444152832031,-27.297998428344727
-761.6424560546875,-461.76409912109375,-27.29448127746582
-760.24267578125,-461.7841491699219,-27.2908992767334
-758.8173828125,-461.8045654296875,-27.28725242614746
-757.3667602539062,-461.8253173828125,-27.28354263305664
-755.890869140625,-461.846435546875,-27.279767990112305
-754.3898315429688,-461.867919921875,-27.275930404663086
-752.8637084960938,-461.8897399902344,-27.272029876708984
-751.3126831054688,-461.91192626953125,-27.26806640625
-749.73681640625,-461.9344482421875,-27.264039993286133
-748.13623046875,-461.95733642578125,-27.259950637817383
-746.5110473632812,-461.9805603027344,-27.255800247192383
-744.861328125,-462.0041198730469,-27.2515869140625
-743.187255859375,-462.0280456542969,-27.247312545776367
-741.4888916015625,-462.05230712890625,-27.242977142333984
-739.766357421875,-462.076904296875,-27.23858070373535
-738.019775390625,-462.1018371582031,-27.2341251373291
-736.2492065429688,-462.1271057128906,-27.2296085357666
-734.454833984375,-462.1527099609375,-27.225032806396484
-732.63671875,-462.17864990234375,-27.22039794921875
-730.7949829101562,-462.2049255371094,-27.2157039642334
-728.9296875,-462.23150634765625,-27.21095085144043
-727.041015625,-462.2584228515625,-27.206138610839844
-725.1290283203125,-462.2856750488281,-27.201269149780273
-723.19384765625,-462.3132629394531,-27.196340560913086
-721.235595703125,-462.3411560058594,-27.191354751586914
-719.2543334960938,-462.369384765625,-27.186311721801758
-717.250244140625,-462.3979187011719,-27.181211471557617
-715.223388671875,-462.4267578125,-27.176055908203125
-713.1738891601562,-462.4559326171875,-27.17084312438965
-711.1018676757812,-462.48541259765625,-27.16557502746582
-709.0073852539062,-462.51519775390625,-27.16025161743164
-706.890625,-462.5452880859375,-27.154870986938477
-704.7516479492188,-462.57568359375,-27.149436950683594
-702.590576171875,-462.60638427734375,-27.14394760131836
-700.407470703125,-462.63739013671875,-27.138402938842773
-698.2025146484375,-462.668701171875,-27.13280487060547
-695.9757690429688,-462.7003173828125,-27.127153396606445
-693.7273559570312,-462.73223876953125,-27.121448516845703
-691.4573974609375,-462.76446533203125,-27.115690231323242
-689.166015625,-462.7969970703125,-27.109878540039062
-686.853271484375,-462.8298034667969,-27.104013442993164
-684.5193481445312,-462.8629150390625,-27.09809684753418
-682.164306640625,-462.89630126953125,-27.09212875366211
-679.7882080078125,-462.92999267578125,-27.086109161376953
-677.3912353515625,-462.9639587402344,-27.08003807067871
-674.9734497070312,-462.9981994628906,-27.073915481567383
-672.5349731445312,-463.0327453613281,-27.0677433013916
-670.075927734375,-463.06756591796875,-27.061519622802734
-667.596435546875,-463.1026611328125,-27.055246353149414
-665.0966186523438,-463.1380310058594,-27.04892349243164
-662.5765380859375,-463.1736755371094,-27.042551040649414
-660.0363159179688,-463.2095947265625,-27.036128997802734
-657.47607421875,-463.24578857421875,-27.029659271240234
-654.8959350585938,-463.2822570800781,-27.02313995361328
-652.2959594726562,-463.3190002441406,-27.016572952270508
-649.67626953125,-463.35601806640625,-27.009958267211914
-647.0369873046875,-463.393310546875,-27.0032958984375
-644.3782348632812,-463.43084716796875,-26.996585845947266
-641.7001342773438,-463.4686584472656,-26.98982810974121
-639.0027465820312,-463.5067138671875,-26.98302459716797
-636.2861938476562,-463.5450439453125,-26.97617530822754
-633.5505981445312,-463.5836181640625,-26.969280242919922
-630.7960815429688,-463.6224670410156,-26.962339401245117
-628.0227661132812,-463.66156005859375,-26.955352783203125
-625.230712890625,-463.7008972167969,-26.948320388793945
-622.4200439453125,-463.740478515625,-26.94124412536621
-619.5908813476562,-463.78033447265625,-26.93412208557129
-616.7433471679688,-463.8204345703125,-26.926956176757812
-613.8775024414062,-463.86077880859375,-26.91974639892578
-610.9935302734375,-463.9013671875,-26.912494659423828
-608.0914916992188,-463.94219970703125,-26.90519905090332
-605.1714477539062,-463.9832458496094,-26.897859573364258
-602.2335815429688,-464.0245361328125,-26.890478134155273
-599.2780151367188,-464.0660705566406,-26.883054733276367
-596.3048095703125,-464.10784912109375,-26.87558937072754
-593.3140869140625,-464.14984130859375,-26.86808204650879
-590.3059692382812,-464.19207763671875,-26.86053466796875
-587.280517578125,-464.2345275878906,-26.85294532775879
-584.2379150390625,-464.2772216796875,-26.84531593322754
-581.1783447265625,-464.3201904296875,-26.837646484375
-578.1453857421875,-464.3671875,-26.81768035888672
-575.1820678710938,-464.42205810546875,-26.773418426513672
-572.2871704101562,-464.4846496582031,-26.705245971679688
-569.4593505859375,-464.5548400878906,-26.613548278808594
-566.6973876953125,-464.6325378417969,-26.49871063232422
-564.0000610351562,-464.71759033203125,-26.36111831665039
-561.3660888671875,-464.8099060058594,-26.201156616210938
-558.7941284179688,-464.9093322753906,-26.019210815429688
-556.2830200195312,-465.0157470703125,-25.81566619873047
-553.8314208984375,-465.1290283203125,-25.59090805053711
-551.4381103515625,-465.24908447265625,-25.34532356262207
-549.101806640625,-465.3757629394531,-25.079296112060547
-546.8212890625,-465.5089416503906,-24.793210983276367
-544.59521484375,-465.64849853515625,-24.48745346069336
-542.42236328125,-465.7943115234375,-24.162410736083984
-540.3014526367188,-465.9462585449219,-23.818466186523438
-538.2312622070312,-466.1042175292969,-23.456005096435547
-536.2105102539062,-466.26806640625,-23.075414657592773
-534.2379150390625,-466.43768310546875,-22.677078247070312
-532.3121948242188,-466.6129455566406,-22.261383056640625
-530.43212890625,-466.7937316894531,-21.828712463378906
-528.596435546875,-466.97991943359375,-21.379451751708984
-526.8038330078125,-467.17138671875,-20.91398811340332
-525.0531005859375,-467.3680114746094,-20.43270492553711
-523.3429565429688,-467.5696716308594,-19.935989379882812
-521.672119140625,-467.7762145996094,-19.424226760864258
-520.039306640625,-467.987548828125,-18.89780044555664
-518.4432983398438,-468.20355224609375,-18.357097625732422
-516.8828125,-468.4241027832031,-17.802501678466797
-515.3565673828125,-468.6490478515625,-17.234399795532227
-513.8633422851562,-468.8782958984375,-16.65317726135254
-512.40185546875,-469.1117248535156,-16.059219360351562
-510.9708251953125,-469.34918212890625,-15.452910423278809
-509.5689697265625,-469.590576171875,-14.834635734558105
-508.195068359375,-469.83575439453125,-14.204781532287598
-506.84783935546875,-470.0846252441406,-13.563732147216797
-505.5260314941406,-470.3370361328125,-12.911873817443848
-504.2283630371094,-470.5928955078125,-12.249591827392578
-502.95355224609375,-470.85205078125,-11.5772705078125
-501.70037841796875,-471.1144104003906,-10.895296096801758
-500.4675598144531,-471.37982177734375,-10.20405387878418
-499.2538146972656,-471.6481628417969,-9.503929138183594
-498.0578918457031,-471.9193420410156,-8.795307159423828
-496.8785400390625,-472.1932067871094,-8.078573226928711
-495.7144775390625,-472.4696350097656,-7.35411262512207
-494.564453125,-472.7485046386719,-6.622310638427734
-493.42718505859375,-473.0296936035156,-5.883552551269531
-492.3014221191406,-473.3131103515625,-5.138224124908447
-491.1858825683594,-473.5986022949219,-4.386710166931152
-490.079345703125,-473.88604736328125,-3.629396438598633
-488.9804992675781,-474.1753234863281,-2.8666679859161377
-487.8880920410156,-474.46630859375,-2.098910331726074
-486.8008728027344,-474.7588806152344,-1.3265085220336914
-485.71759033203125,-475.05291748046875,-0.5498481392860413
-484.6369323730469,-475.3482971191406,0.2306855320930481
-483.55767822265625,-475.6448974609375,1.0147072076797485
-482.4785461425781,-475.9425964355469,1.8018314838409424
-481.3982849121094,-476.24127197265625,2.5916731357574463
-480.31561279296875,-476.540771484375,3.3838467597961426
-479.2292785644531,-476.84100341796875,4.177967071533203
-478.13800048828125,-477.141845703125,4.973648548126221
-477.04052734375,-477.44317626953125,5.770506381988525
-475.93560791015625,-477.744873046875,6.568154811859131
-474.82196044921875,-478.0467834472656,7.366208553314209
-473.6983337402344,-478.34881591796875,8.164281845092773
-472.5634460449219,-478.6508483886719,8.961990356445312
-471.4160461425781,-478.9527282714844,9.75894832611084
-470.2548522949219,-479.2543640136719,10.554770469665527
-469.07861328125,-479.55560302734375,11.34907054901123
-467.8860778808594,-479.8563537597656,12.141464233398438
-466.67596435546875,-480.1564636230469,12.93156623840332
-465.447021484375,-480.4558410644531,13.718990325927734
-464.1979675292969,-480.75433349609375,14.503352165222168
-462.92755126953125,-481.0518493652344,15.284266471862793
-461.6344909667969,-481.3482360839844,16.06134796142578
-460.3175354003906,-481.64337158203125,16.834209442138672
-458.9754333496094,-481.9371643066406,17.602466583251953
-457.6069030761719,-482.2294616699219,18.36573600769043
-456.210693359375,-482.5201416015625,19.12363052368164
-454.7855224609375,-482.8091125488281,19.875764846801758
-453.33013916015625,-483.0962219238281,20.621753692626953
-451.84326171875,-483.38134765625,21.3612117767334
-450.3236389160156,-483.66436767578125,22.093753814697266
-448.77001953125,-483.9451599121094,22.818994522094727
-447.1811218261719,-484.2236022949219,23.536548614501953
-445.5556945800781,-484.49957275390625,24.246030807495117
-443.8924560546875,-484.77294921875,24.94705581665039
-442.1901550292969,-485.0436096191406,25.639238357543945
-440.4475402832031,-485.3114318847656,26.322193145751953
-438.663330078125,-485.5762939453125,26.995534896850586
-436.8362731933594,-485.83807373046875,27.658878326416016
-434.965087890625,-486.0966491699219,28.311838150024414
-433.04852294921875,-486.3518981933594,28.954029083251953
-431.0852966308594,-486.60369873046875,29.585063934326172
-429.07415771484375,-486.8519287109375,30.204559326171875
-427.0138244628906,-487.0964660644531,30.812129974365234
-424.903076171875,-487.337158203125,31.407390594482422
-422.7406005859375,-487.57391357421875,31.989953994750977
-420.5251770019531,-487.8066101074219,32.5594367980957
-418.2554931640625,-488.03509521484375,33.11545181274414
-415.9303283691406,-488.25927734375,33.657615661621094
-413.54840087890625,-488.4790344238281,34.185543060302734
-411.1084289550781,-488.6942138671875,34.698848724365234
-408.6091613769531,-488.90472412109375,35.1971435546875
-406.0493469238281,-489.11041259765625,35.68004608154297
-403.4277038574219,-489.3111877441406,36.14717102050781
-400.74298095703125,-489.50689697265625,36.5981330871582
-397.9939270019531,-489.69744873046875,37.03254318237305
-395.17926025390625,-489.8826904296875,37.45001983642578
-392.2976989746094,-490.0625,37.85017776489258
-389.3479919433594,-490.2367858886719,38.23263168334961
-386.3288879394531,-490.4053955078125,38.59699249267578
-383.2391052246094,-490.5682067871094,38.94287872314453
-380.077392578125,-490.7251281738281,39.26990509033203
-376.8424987792969,-490.8760070800781,39.57768249511719
-373.53314208984375,-491.0207214355469,39.86582946777344
-370.1480407714844,-491.1591491699219,40.13395690917969
-366.68597412109375,-491.29119873046875,40.381683349609375
-363.1456298828125,-491.4167175292969,40.60862350463867
-359.5257873535156,-491.53558349609375,40.814388275146484
-355.8251647949219,-491.6476745605469,40.99859619140625
-352.04248046875,-491.75286865234375,41.160858154296875
-348.1764831542969,-491.8510437011719,41.3007926940918
-344.2259216308594,-491.94207763671875,41.41801071166992
-340.18951416015625,-492.0258483886719,41.51213073730469
-336.0660095214844,-492.10223388671875,41.582767486572266
-331.8541259765625,-492.1711120605469,41.62953186035156
-327.552978515625,-492.23236083984375,41.65214920043945
-327.0084533691406,-492.239501953125,41.6534309387207
-326.4615173339844,-492.24658203125,41.65471267700195
-325.9122009277344,-492.25360107421875,41.6559944152832
-325.3605041503906,-492.26055908203125,41.65727615356445
-324.8064270019531,-492.2674865722656,41.6585578918457
-324.25,-492.27435302734375,41.65983963012695
-323.6911926269531,-492.2811584472656,41.6611213684082
-323.1300354003906,-492.28790283203125,41.66240310668945
-322.5665283203125,-492.2945861816406,41.6636848449707
-322.00067138671875,-492.30120849609375,41.66496658325195
-321.4324645996094,-492.30780029296875,41.6662483215332
-320.8619079589844,-492.3143310546875,41.66753005981445
-320.2890319824219,-492.32080078125,41.6688117980957
-319.71380615234375,-492.32720947265625,41.67009353637695
-319.1362609863281,-492.33355712890625,41.6713752746582
-318.556396484375,-492.33984375,41.67265701293945
-317.9742126464844,-492.3460998535156,41.6739387512207
-317.3897399902344,-492.352294921875,41.67522048950195
-316.8029479980469,-492.3584289550781,41.6765022277832
-316.2138671875,-492.364501953125,41.67778396606445
-315.6224670410156,-492.3705139160156,41.6790657043457
-315.0287780761719,-492.3764953613281,41.68034744262695
-314.43280029296875,-492.3824157714844,41.6816291809082
-313.83453369140625,-492.3882751464844,41.68291091918945
-313.2340087890625,-492.3940734863281,41.6841926574707
-312.6311950683594,-492.3998107910156,41.68547439575195
-312.026123046875,-492.405517578125,41.6867561340332
-311.4187927246094,-492.4111633300781,41.68803787231445
-310.8092041015625,-492.416748046875,41.6893196105957
-310.1973571777344,-492.4222717285156,41.69060134887695
-309.583251953125,-492.427734375,41.6918830871582
-308.9669189453125,-492.43316650390625,41.69316482543945
-308.34832763671875,-492.43853759765625,41.6944465637207
-307.7275085449219,-492.44384765625,41.69572830200195
-307.1044616699219,-492.4490966796875,41.6970100402832
-306.47918701171875,-492.4543151855469,41.69829177856445
-305.8516845703125,-492.45947265625,41.6995735168457
-305.22198486328125,-492.4645690917969,41.70085525512695
-304.5900573730469,-492.4696044921875,41.7021369934082
-303.9559326171875,-492.474609375,41.70341873168945
-303.3196105957031,-492.47955322265625,41.7047004699707
-302.68109130859375,-492.48443603515625,41.70598220825195
-302.0403747558594,-492.4892883300781,41.7072639465332
-301.3974609375,-492.49407958984375,41.70854568481445
-300.75238037109375,-492.4988098144531,41.7098274230957
-300.1051330566406,-492.50347900390625,41.71110916137695
-299.4556884765625,-492.50811767578125,41.7123908996582
-298.8040771484375,-492.5126953125,41.71367263793945
-298.1502990722656,-492.5172119140625,41.7149543762207
-297.494384765625,-492.5216979980469,41.71623611450195
-296.8363037109375,-492.526123046875,41.7175178527832
-296.17608642578125,-492.5304870605469,41.71879959106445
-295.51373291015625,-492.5347900390625,41.7200813293457
-294.8492126464844,-492.5390625,41.72136306762695
-294.1825866699219,-492.54327392578125,41.7226448059082
-293.5138244628906,-492.54742431640625,41.72392654418945
-292.8429260253906,-492.5515441894531,41.7252082824707
-292.169921875,-492.55560302734375,41.72649002075195
-291.4947814941406,-492.5596008300781,41.7277717590332
-290.8175354003906,-492.5635681152344,41.72905349731445
-290.13818359375,-492.5674743652344,41.7303352355957
-289.45672607421875,-492.5713195800781,41.73161697387695
-288.773193359375,-492.57513427734375,41.7328987121582
-288.0875549316406,-492.5788879394531,41.73418045043945
-287.39984130859375,-492.58258056640625,41.7354621887207
-286.7100524902344,-492.58624267578125,41.73674392700195
-286.0181884765625,-492.58984375,41.7380256652832
-285.3242492675781,-492.5934143066406,41.73930740356445
-284.62823486328125,-492.596923828125,41.7405891418457
-283.9301452636719,-492.6003723144531,41.74187088012695
-283.2300109863281,-492.6037902832031,41.7431526184082
-282.52783203125,-492.6071472167969,41.74443435668945
-281.8236083984375,-492.6104431152344,41.7457160949707
-281.1173400878906,-492.61370849609375,41.74699783325195
-280.4090270996094,-492.6169128417969,41.7482795715332
-279.69866943359375,-492.6200866699219,41.74956130981445
-278.9862976074219,-492.6231994628906,41.7508430480957
-278.27191162109375,-492.6262512207031,41.75212478637695
-277.55548095703125,-492.6292724609375,41.7534065246582
-276.8370361328125,-492.6322326660156,41.75468444824219
-276.1166076660156,-492.6351623535156,41.75596237182617
-275.3941650390625,-492.6380310058594,41.757240295410156
-274.6697082519531,-492.6408386230469,41.75851821899414
-273.9432678222656,-492.64361572265625,41.759796142578125
-273.21484375,-492.6463317871094,41.76107406616211
-272.48443603515625,-492.6490173339844,41.762351989746094
-271.7520446777344,-492.6516418457031,41.76362991333008
-271.0176696777344,-492.65423583984375,41.76490783691406
-270.28131103515625,-492.6567687988281,41.76618576049805
-269.5429992675781,-492.65924072265625,41.76746368408203
-268.802734375,-492.66168212890625,41.768741607666016
-268.0605163574219,-492.6640625,41.77001953125
-267.31634521484375,-492.6664123535156,41.771297454833984
-266.5702209472656,-492.668701171875,41.77257537841797
-265.8221435546875,-492.67095947265625,41.77385330200195
-265.0721435546875,-492.67315673828125,41.77513122558594
-264.3201904296875,-492.6753234863281,41.77640914916992
-263.5663146972656,-492.67742919921875,41.777687072753906
-262.8105163574219,-492.67950439453125,41.77896499633789
-262.05279541015625,-492.6815185546875,41.780242919921875
-261.2931823730469,-492.6834716796875,41.78152084350586
-260.5316467285156,-492.6853942871094,41.782798767089844
-259.7682189941406,-492.687255859375,41.78407669067383
-259.0028991699219,-492.6890869140625,41.78535461425781
-258.23565673828125,-492.69085693359375,41.7866325378418
-257.466552734375,-492.6925964355469,41.78791046142578
-256.695556640625,-492.69427490234375,41.789188385009766
-255.92266845703125,-492.6959228515625,41.79046630859375
-255.1479034423828,-492.697509765625,41.791744232177734
-254.37127685546875,-492.6990661621094,41.79302215576172
-253.59278869628906,-492.7005615234375,41.7943000793457
-252.81243896484375,-492.7020263671875,41.79557800292969
-252.0302276611328,-492.7034606933594,41.79685592651367
-251.2461700439453,-492.704833984375,41.798133850097656
-250.46026611328125,-492.7061767578125,41.79941177368164
-249.67251586914062,-492.70745849609375,41.800689697265625
-248.8829345703125,-492.7087097167969,41.80196762084961
-248.09152221679688,-492.70989990234375,41.803245544433594
-247.29827880859375,-492.7110595703125,41.80452346801758
-246.50320434570312,-492.712158203125,41.80580139160156
-245.70631408691406,-492.7132263183594,41.80707931518555
-244.90762329101562,-492.7142333984375,41.80835723876953
-244.10711669921875,-492.7152099609375,41.809635162353516
-243.3048095703125,-492.7161560058594,41.8109130859375
-242.50070190429688,-492.717041015625,41.812191009521484
-241.69479370117188,-492.7178955078125,41.81346893310547
-240.88710021972656,-492.71868896484375,41.81474685668945
-240.0777130126953,-492.7194519042969,41.81599807739258
-239.26646423339844,-492.7206115722656,41.801815032958984
-238.45343017578125,-492.7226257324219,41.75703811645508
-237.6386260986328,-492.7254943847656,41.682151794433594
-236.8220672607422,-492.72918701171875,41.57764434814453
-236.0037384033203,-492.73370361328125,41.444000244140625
-235.18365478515625,-492.739013671875,41.28170394897461
-234.36183166503906,-492.7451171875,41.09123992919922
-233.5382537841797,-492.75201416015625,40.87309646606445
-232.7129364013672,-492.7596740722656,40.62775802612305
-231.88587951660156,-492.76806640625,40.355709075927734
-231.05709838867188,-492.7771911621094,40.057437896728516
-230.22659301757812,-492.7870178222656,39.733428955078125
-229.3943634033203,-492.79754638671875,39.3841667175293
-228.56040954589844,-492.80877685546875,39.010135650634766
-227.72474670410156,-492.8206787109375,38.61182403564453
-226.8873748779297,-492.833251953125,38.18971633911133
-226.04830932617188,-492.8464660644531,37.744300842285156
-225.20755004882812,-492.8603210449219,37.27606201171875
-224.36509704589844,-492.8747863769531,36.785484313964844
-223.5209503173828,-492.8898620605469,36.27305221557617
-222.6751251220703,-492.905517578125,35.739253997802734
-221.82762145996094,-492.9217529296875,35.184574127197266
-220.9784393310547,-492.93853759765625,34.6094970703125
-220.12759399414062,-492.95587158203125,34.01450729370117
-219.27508544921875,-492.9737548828125,33.40009307861328
-218.42091369628906,-492.9921569824219,32.76673889160156
-217.56507873535156,-493.01104736328125,32.114933013916016
-216.7075958251953,-493.0304260253906,31.445158004760742
-215.8484649658203,-493.05029296875,30.75790023803711
-214.98770141601562,-493.07061767578125,30.053646087646484
-214.12530517578125,-493.09136962890625,29.332881927490234
-213.2612762451172,-493.1125793457031,28.59609031677246
-212.39561462402344,-493.1341857910156,27.843759536743164
-211.52833557128906,-493.1562194824219,27.076374053955078
-210.65943908691406,-493.1786193847656,26.29442024230957
-209.7889404296875,-493.201416015625,25.498382568359375
-208.9168243408203,-493.2245788574219,24.68874740600586
-208.04310607910156,-493.2480773925781,23.86600112915039
-207.1678009033203,-493.27191162109375,23.030628204345703
-206.2908935546875,-493.2960510253906,22.183115005493164
-205.4123992919922,-493.32049560546875,21.323945999145508
-204.53233337402344,-493.3452453613281,20.4536075592041
-203.6506805419922,-493.3702697753906,19.572586059570312
-202.7674560546875,-493.3955383300781,18.681365966796875
-201.88265991210938,-493.42108154296875,17.780433654785156
-200.99630737304688,-493.44683837890625,16.87027359008789
-200.1083984375,-493.4728088378906,15.951373100280762
-199.21893310546875,-493.4989929199219,15.024216651916504
-198.32791137695312,-493.5253601074219,14.089290618896484
-197.4353485107422,-493.5519104003906,13.147079467773438
-196.54124450683594,-493.5786437988281,12.19806957244873
-195.64561462402344,-493.6054992675781,11.242746353149414
-194.74844360351562,-493.63250732421875,10.281596183776855
-193.84974670410156,-493.6596374511719,9.315103530883789
-192.9495391845703,-493.6868591308594,8.343754768371582
-192.04782104492188,-493.71417236328125,7.368035316467285
-191.14459228515625,-493.7415771484375,6.388430595397949
-190.23985290527344,-493.76904296875,5.405426502227783
-189.33360290527344,-493.7965393066406,4.419508934020996
-188.4258575439453,-493.8240966796875,3.4311628341674805
-187.51663208007812,-493.8516540527344,2.4408740997314453
-186.6059112548828,-493.87921142578125,1.4491283893585205
-185.69371032714844,-493.9067687988281,0.45641136169433594
-184.780029296875,-493.9342956542969,-0.5367913842201233
-183.86488342285156,-493.9617919921875,-1.529994249343872
-182.94827270507812,-493.9892578125,-2.522711753845215
-182.0301971435547,-494.0166320800781,-3.514457941055298
-181.11065673828125,-494.0439453125,-4.50474739074707
-180.18966674804688,-494.0711669921875,-5.493094444274902
-179.26722717285156,-494.0982666015625,-6.479013442993164
-178.3433380126953,-494.125244140625,-7.462018966674805
-177.4180145263672,-494.152099609375,-8.441625595092773
-176.4912567138672,-494.1788024902344,-9.417346954345703
-175.56307983398438,-494.2053527832031,-10.388697624206543
-174.6334686279297,-494.2317199707031,-11.355192184448242
-173.7024383544922,-494.25787353515625,-12.31634521484375
-172.76998901367188,-494.2838439941406,-13.271671295166016
-171.8361358642578,-494.3095703125,-14.220684051513672
-170.90087890625,-494.3350830078125,-15.162898063659668
-169.96421813964844,-494.3603210449219,-16.097827911376953
-169.0261688232422,-494.38531494140625,-17.024988174438477
-168.08673095703125,-494.4100341796875,-17.943893432617188
-167.14590454101562,-494.4344482421875,-18.85405731201172
-166.2036895751953,-494.45855712890625,-19.754995346069336
-165.26010131835938,-494.48236083984375,-20.646221160888672
-164.3151397705078,-494.5058288574219,-21.52724838256836
-163.3688201904297,-494.5289306640625,-22.397592544555664
-162.42112731933594,-494.5516662597656,-23.25676727294922
-161.47207641601562,-494.57403564453125,-24.104286193847656
-160.5216827392578,-494.59600830078125,-24.939664840698242
-159.56993103027344,-494.6175842285156,-25.76241683959961
-158.61683654785156,-494.63873291015625,-26.572057723999023
-157.66241455078125,-494.6594543457031,-27.368101119995117
-156.70664978027344,-494.6797180175781,-28.150062561035156
-155.7495574951172,-494.69952392578125,-28.917455673217773
-154.7911376953125,-494.7188415527344,-29.6697940826416
-153.83140563964844,-494.7376708984375,-30.406593322753906
-152.870361328125,-494.7559814453125,-31.12736701965332
-151.9080047607422,-494.7737731933594,-31.831628799438477
-150.94435119628906,-494.7910461425781,-32.51889419555664
-149.97938537597656,-494.8077697753906,-33.18867874145508
-149.0131378173828,-494.8239440917969,-33.84049606323242
-148.04559326171875,-494.83953857421875,-34.47385787963867
-147.07676696777344,-494.8545227050781,-35.088279724121094
-146.10665893554688,-494.868896484375,-35.68327713012695
-145.13526916503906,-494.8826599121094,-36.258365631103516
-144.16261291503906,-494.8957824707031,-36.81305694580078
-143.18869018554688,-494.90826416015625,-37.346866607666016
-142.2135009765625,-494.9200744628906,-37.859310150146484
-141.237060546875,-494.93121337890625,-38.34989929199219
-140.25936889648438,-494.9416809082031,-38.81814956665039
-139.28042602539062,-494.9514465332031,-39.26357650756836
-138.3002471923828,-494.9604797363281,-39.68569564819336
-137.31883239746094,-494.9687805175781,-40.08401870727539
-136.336181640625,-494.9763488769531,-40.45806121826172
-135.35231018066406,-494.983154296875,-40.807334899902344
-134.36720275878906,-494.9891662597656,-41.1313591003418
-133.38088989257812,-494.994384765625,-41.42964553833008
-132.3933563232422,-494.9988098144531,-41.70170593261719
-131.4046173095703,-495.0024108886719,-41.947059631347656
-130.4146728515625,-495.00518798828125,-42.165218353271484
-129.42352294921875,-495.0071105957031,-42.35569763183594
-128.43118286132812,-495.0081787109375,-42.518009185791016
-127.43765258789062,-495.00836181640625,-42.651668548583984
-126.44293975830078,-495.0076599121094,-42.75619125366211
-125.4470443725586,-495.00604248046875,-42.831092834472656
-124.4499740600586,-495.0035095214844,-42.875885009765625
-123.45182037353516,-495.0,-42.890045166015625
-122.4524154663086,-494.99615478515625,-42.88877868652344
-121.45185089111328,-494.9925231933594,-42.887508392333984
-120.45013427734375,-494.98907470703125,-42.88623046875
-119.447265625,-494.9858093261719,-42.884944915771484
-118.44325256347656,-494.98272705078125,-42.8836555480957
-117.43809509277344,-494.97979736328125,-42.88235855102539
-116.43180084228516,-494.97705078125,-42.88105773925781
-115.42437744140625,-494.9744873046875,-42.8797492980957
-114.41582489013672,-494.9720764160156,-42.87843704223633
-113.4061508178711,-494.9698181152344,-42.87712097167969
-112.39535522460938,-494.9677429199219,-42.875797271728516
-111.38345336914062,-494.9658203125,-42.87446975708008
-110.37043762207031,-494.96405029296875,-42.873138427734375
-109.3563232421875,-494.9624328613281,-42.871803283691406
-108.34111022949219,-494.9609680175781,-42.870460510253906
-107.3248062133789,-494.95965576171875,-42.86911392211914
-106.30741119384766,-494.9584655761719,-42.86776351928711
-105.28893280029297,-494.9574279785156,-42.86640930175781
-104.26937103271484,-494.9565124511719,-42.86505126953125
-103.24874114990234,-494.95574951171875,-42.86368942260742
-102.22703552246094,-494.9551086425781,-42.86232376098633
-101.20426940917969,-494.95458984375,-42.860958099365234
-100.1804428100586,-494.9541931152344,-42.859588623046875
-99.15556335449219,-494.95391845703125,-42.85821533203125
-98.12963104248047,-494.9537658691406,-42.85683822631836
-97.10265350341797,-494.9537353515625,-42.85546112060547
-96.07463836669922,-494.9538269042969,-42.85408020019531
-95.04558563232422,-494.9540100097656,-42.85269546508789
-94.0155029296875,-494.9543151855469,-42.85131072998047
-92.98439025878906,-494.9547119140625,-42.84992218017578
-91.95225524902344,-494.9552001953125,-42.848533630371094
-90.91910552978516,-494.955810546875,-42.84714126586914
-89.88494110107422,-494.9565124511719,-42.84574890136719
-88.84976959228516,-494.9573059082031,-42.84435272216797
-87.8135986328125,-494.9581604003906,-42.84295654296875
-86.77642822265625,-494.9591064453125,-42.84156036376953
-85.73826599121094,-494.96014404296875,-42.84016418457031
-84.6991195678711,-494.9612731933594,-42.83876419067383
-83.65898895263672,-494.96246337890625,-42.837364196777344
-82.61787414550781,-494.9637145996094,-42.83596420288086
-81.57579040527344,-494.9650573730469,-42.834564208984375
-80.5327377319336,-494.9664611816406,-42.83316421508789
-79.48872375488281,-494.9679260253906,-42.831764221191406
-78.4437484741211,-494.9694519042969,-42.83036422729492
-77.39781951904297,-494.9710388183594,-42.82896423339844
-76.35093688964844,-494.9726867675781,-42.82756423950195
-75.30310821533203,-494.974365234375,-42.826168060302734
-74.25434112548828,-494.9761047363281,-42.824771881103516
-73.20464324951172,-494.9778747558594,-42.8233757019043
-72.15401458740234,-494.9797058105469,-42.82197952270508
-71.10245513916016,-494.9815673828125,-42.820587158203125
-70.04998016357422,-494.98345947265625,-42.81919479370117
-68.99658203125,-494.9853820800781,-42.817806243896484
-67.94227600097656,-494.9873352050781,-42.8164176940918
-66.8870620727539,-494.98931884765625,-42.815032958984375
-65.83094787597656,-494.9913330078125,-42.81364822387695
-64.77393341064453,-494.99334716796875,-42.8122673034668
-63.71603012084961,-494.9953918457031,-42.81088638305664
-62.6572380065918,-494.9974670410156,-42.80950927734375
-61.597564697265625,-494.9995422363281,-42.808135986328125
-60.53701400756836,-495.0016174316406,-42.806766510009766
-59.475589752197266,-495.0036926269531,-42.805397033691406
-58.413299560546875,-495.0057678222656,-42.80403137207031
-57.35014343261719,-495.0078430175781,-42.802669525146484
-56.286128997802734,-495.0099182128906,-42.80131149291992
-55.22126007080078,-495.0119934082031,-42.799957275390625
-54.15554428100586,-495.0140686035156,-42.798606872558594
-53.08898162841797,-495.01611328125,-42.79726028442383
-52.02157974243164,-495.0181579589844,-42.79591751098633
-50.953346252441406,-495.0201721191406,-42.79458236694336
-49.884281158447266,-495.02215576171875,-42.793251037597656
-48.81439208984375,-495.0241394042969,-42.79192352294922
-47.743682861328125,-495.0260925292969,-42.79059982299805
-46.672157287597656,-495.02801513671875,-42.789283752441406
-45.59981918334961,-495.0299072265625,-42.78797149658203
-44.526676177978516,-495.03173828125,-42.78666305541992
-43.45273208618164,-495.0335388183594,-42.785362243652344
-42.37799072265625,-495.0353088378906,-42.78406524658203
-41.302459716796875,-495.0370178222656,-42.78277587890625
-40.22614288330078,-495.0386657714844,-42.781490325927734
-39.149044036865234,-495.040283203125,-42.78021240234375
-38.0711669921875,-495.0418395996094,-42.7789421081543
-36.992515563964844,-495.0433349609375,-42.77767562866211
-35.9130973815918,-495.0447692871094,-42.77641677856445
-34.832916259765625,-495.046142578125,-42.77516555786133
-33.75197982788086,-495.0474548339844,-42.773921966552734
-32.6702880859375,-495.0486755371094,-42.77268600463867
-31.587848663330078,-495.0498352050781,-42.771453857421875
-30.50466537475586,-495.0509033203125,-42.77022933959961
-29.420743942260742,-495.0519104003906,-42.769012451171875
-28.336088180541992,-495.0528259277344,-42.76780319213867
-27.250701904296875,-495.05364990234375,-42.7666015625
-26.164592742919922,-495.05438232421875,-42.765411376953125
-25.077762603759766,-495.0550231933594,-42.76422882080078
-23.990217208862305,-495.0555725097656,-42.76305389404297
-22.901962280273438,-495.0560302734375,-42.76188659667969
-21.81300163269043,-495.0563659667969,-42.76072692871094
-20.72334098815918,-495.0566101074219,-42.759578704833984
-19.632984161376953,-495.0567321777344,-42.75843811035156
-18.54193687438965,-495.0567626953125,-42.75730895996094
-17.45020294189453,-495.0566711425781,-42.756187438964844
-16.3577880859375,-495.05645751953125,-42.75507354736328
-15.264697074890137,-495.0561218261719,-42.753971099853516
-14.170934677124023,-495.0556640625,-42.75288009643555
-13.076504707336426,-495.0550842285156,-42.75179672241211
-11.981412887573242,-495.05438232421875,-42.75072479248047
-10.885663986206055,-495.0535583496094,-42.749664306640625
-9.789261817932129,-495.0525817871094,-42.74861145019531
-8.692212104797363,-495.0514831542969,-42.7475700378418
-7.59451961517334,-495.05023193359375,-42.74654006958008
-6.496188640594482,-495.048828125,-42.745521545410156
-5.397224426269531,-495.0472717285156,-42.74451446533203
-4.297631740570068,-495.0455627441406,-42.7435188293457
-3.1974151134490967,-495.043701171875,-42.74253463745117
-2.0965795516967773,-495.04168701171875,-42.74156188964844
-0.9951295852661133,-495.0395202636719,-42.7406005859375
0.10692989826202393,-495.0372009277344,-42.73965072631836
1.2095940113067627,-495.0346984863281,-42.738712310791016
2.3128581047058105,-495.03204345703125,-42.73778533935547
3.416717052459717,-495.0292053222656,-42.73686981201172
4.5211663246154785,-495.02618408203125,-42.73596954345703
5.626201152801514,-495.02301025390625,-42.73508071899414
6.73181676864624,-495.0196533203125,-42.73420333862305
7.838008403778076,-495.01611328125,-42.733341217041016
8.944770812988281,-495.0123596191406,-42.73249053955078
10.05210018157959,-495.0084228515625,-42.73165512084961
11.159990310668945,-495.0043029785156,-42.730831146240234
12.268426895141602,-495.0,-42.73004150390625
13.968894958496094,-494.99334716796875,-42.71334457397461
15.65135383605957,-494.9870300292969,-42.666053771972656
17.31601905822754,-494.9810485839844,-42.58865737915039
18.963106155395508,-494.9753723144531,-42.48163604736328
20.59282875061035,-494.97003173828125,-42.34547805786133
22.20540428161621,-494.9649963378906,-42.180667877197266
23.80104637145996,-494.96026611328125,-41.987693786621094
25.37997055053711,-494.9558410644531,-41.76704025268555
26.942392349243164,-494.9516906738281,-41.51919174194336
28.488527297973633,-494.9478454589844,-41.244632720947266
30.018590927124023,-494.94427490234375,-40.943851470947266
31.53279685974121,-494.94097900390625,-40.617332458496094
33.0313606262207,-494.9379577636719,-40.265560150146484
34.51449966430664,-494.9352111816406,-39.88902282714844
35.982425689697266,-494.9327087402344,-39.48820495605469
37.43535614013672,-494.93048095703125,-39.06359100341797
38.87350845336914,-494.9284973144531,-38.615665435791016
40.29709243774414,-494.9267578125,-38.14491653442383
41.706329345703125,-494.9252624511719,-37.65182876586914
43.1014289855957,-494.9239807128906,-37.13689041137695
44.482608795166016,-494.9229431152344,-36.6005859375
45.8500862121582,-494.922119140625,-36.043399810791016
47.20407485961914,-494.9215087890625,-35.465816497802734
48.5447883605957,-494.9211120605469,-34.868324279785156
49.87244415283203,-494.9209289550781,-34.251407623291016
51.187255859375,-494.92095947265625,-33.61555099487305
52.48944091796875,-494.9211730957031,-32.961238861083984
53.779212951660156,-494.92156982421875,-32.28895950317383
55.056785583496094,-494.9221496582031,-31.599199295043945
56.3223762512207,-494.92291259765625,-30.89244270324707
57.57619857788086,-494.9238586425781,-30.169174194335938
58.8184700012207,-494.92498779296875,-29.429880142211914
60.04940414428711,-494.92626953125,-28.675046920776367
61.26921844482422,-494.9277038574219,-27.90515899658203
62.478126525878906,-494.9292907714844,-27.120702743530273
63.67634201049805,-494.9310302734375,-26.32216453552246
64.86408233642578,-494.93292236328125,-25.510028839111328
66.04156494140625,-494.9349365234375,-24.684782028198242
67.20899963378906,-494.93707275390625,-23.846908569335938
68.3666000366211,-494.9393615722656,-22.99689483642578
69.51458740234375,-494.9417724609375,-22.13522720336914
70.6531753540039,-494.94427490234375,-21.26239013671875
71.78257751464844,-494.9468994140625,-20.378870010375977
72.90301513671875,-494.9496154785156,-19.485151290893555
74.01469421386719,-494.95245361328125,-18.58172035217285
75.11783599853516,-494.95538330078125,-17.669063568115234
76.21265411376953,-494.9584045410156,-16.747665405273438
77.29936218261719,-494.96148681640625,-15.818012237548828
78.37818145751953,-494.96466064453125,-14.880589485168457
79.4493179321289,-494.9678955078125,-13.935882568359375
80.51299285888672,-494.97119140625,-12.98437786102295
81.56941986083984,-494.97454833984375,-12.026559829711914
82.61882019042969,-494.97796630859375,-11.062914848327637
83.6613998413086,-494.9814453125,-10.093928337097168
84.69738006591797,-494.9849548339844,-9.120085716247559
85.72697448730469,-494.988525390625,-8.14187240600586
86.75039672851562,-494.99212646484375,-7.1597747802734375
87.76786041259766,-494.9957580566406,-6.174278259277344
88.77958679199219,-494.9994201660156,-5.185868263244629
89.7857894897461,-495.0030822753906,-4.195030212402344
90.78668212890625,-495.00677490234375,-3.2022500038146973
91.78247833251953,-495.0104675292969,-2.2080132961273193
92.77339172363281,-495.01416015625,-1.2128057479858398
93.7596435546875,-495.0178527832031,-0.21711277961730957
94.74144744873047,-495.02154541015625,0.7785798907279968
95.7190170288086,-495.02520751953125,1.7737866640090942
96.69256591796875,-495.0288391113281,2.768021821975708
97.66230773925781,-495.032470703125,3.7607998847961426
98.62846374511719,-495.03607177734375,4.7516350746154785
99.59124755859375,-495.03961181640625,5.740041732788086
100.55087280273438,-495.0431213378906,6.725534439086914
101.50755310058594,-495.0466003417969,7.707627773284912
102.46150970458984,-495.0500183105469,8.685835838317871
103.41295623779297,-495.0533752441406,9.659672737121582
104.36210632324219,-495.0566711425781,10.628653526306152
105.30917358398438,-495.0599060058594,11.592291831970215
106.2543716430664,-495.06304931640625,12.550102233886719
107.19792175292969,-495.0661315917969,13.501599311828613
108.14002990722656,-495.0691223144531,14.446297645568848
109.08091735839844,-495.072021484375,15.383710861206055
110.02080535888672,-495.0748291015625,16.3133544921875
110.95989990234375,-495.0775451660156,17.2347412109375
111.89842224121094,-495.08013916015625,18.14738655090332
112.83658599853516,-495.0826416015625,19.050806045532227
113.77460479736328,-495.08502197265625,19.94451141357422
114.71269226074219,-495.0872802734375,20.828020095825195
115.65106201171875,-495.08941650390625,21.700843811035156
116.58993530273438,-495.0914001464844,22.562498092651367
117.52952575683594,-495.09326171875,23.41249656677246
118.47004699707031,-495.094970703125,24.250354766845703
119.41171264648438,-495.0965270996094,25.075586318969727
120.35474395751953,-495.0979309082031,25.887706756591797
121.29935455322266,-495.09918212890625,26.686227798461914
122.24575805664062,-495.1002502441406,27.470666885375977
123.19416809082031,-495.1011657714844,28.240535736083984
124.1447982788086,-495.1018981933594,28.995349884033203
125.09786987304688,-495.1024475097656,29.7346248626709
126.05359649658203,-495.1028137207031,30.457874298095703
127.01219177246094,-495.1029968261719,31.16461181640625
127.97386932373047,-495.10296630859375,31.854352951049805
128.9388427734375,-495.1027526855469,32.526611328125
129.90733337402344,-495.1023254394531,33.18090057373047
130.87954711914062,-495.1016845703125,33.816734313964844
131.855712890625,-495.100830078125,34.433631896972656
132.83604431152344,-495.0997314453125,35.03110122680664
133.82073974609375,-495.0984191894531,35.60866165161133
134.81002807617188,-495.09686279296875,36.16582489013672
135.8041229248047,-495.0950622558594,36.70210647583008
136.80323791503906,-495.093017578125,37.21702194213867
137.80758666992188,-495.0907287597656,37.7100830078125
138.81739807128906,-495.0881652832031,38.18080520629883
139.83287048339844,-495.0853576660156,38.628700256347656
140.85421752929688,-495.082275390625,39.053287506103516
141.8816680908203,-495.07891845703125,39.454078674316406
142.91543579101562,-495.0752868652344,39.830589294433594
143.9557342529297,-495.0713806152344,40.18233108520508
145.0027618408203,-495.0671691894531,40.508819580078125
146.05674743652344,-495.0626525878906,40.8095703125
147.117919921875,-495.057861328125,41.08409881591797
148.1864776611328,-495.0527648925781,41.33191680908203
149.26263427734375,-495.0473327636719,41.55253982543945
150.34661865234375,-495.0415954589844,41.7454833984375
151.43862915039062,-495.0355224609375,41.91025924682617
152.5388946533203,-495.0291442871094,42.046382904052734
153.6476287841797,-495.0224304199219,42.15336990356445
154.76502990722656,-495.015380859375,42.23073196411133
155.89132690429688,-495.00799560546875,42.277984619140625
157.0267333984375,-495.0,42.29472732543945
158.166748046875,-494.99224853515625,42.295928955078125
159.3066864013672,-494.98486328125,42.2971305847168
160.44656372070312,-494.9778137207031,42.29833221435547
161.58636474609375,-494.97113037109375,42.29953384399414
162.72607421875,-494.96478271484375,42.30073547363281
163.86570739746094,-494.9587707519531,42.301937103271484
165.0052490234375,-494.95306396484375,42.30313491821289
166.14468383789062,-494.94769287109375,42.3043327331543
167.28402709960938,-494.942626953125,42.3055305480957
168.4232635498047,-494.9378662109375,42.30672836303711
169.56239318847656,-494.9334411621094,42.307926177978516
170.70140075683594,-494.9292907714844,42.30912399291992
171.8402862548828,-494.9254455566406,42.31032180786133
172.9790496826172,-494.921875,42.311519622802734
174.11769104003906,-494.9186096191406,42.31271743774414
175.25619506835938,-494.9156188964844,42.31391525268555
176.39456176757812,-494.91290283203125,42.31511306762695
177.53277587890625,-494.9104309082031,42.31631088256836
178.6708526611328,-494.9082336425781,42.3175048828125
179.80877685546875,-494.9062805175781,42.31869888305664
180.946533203125,-494.90460205078125,42.31989288330078
182.08413696289062,-494.9031677246094,42.32108688354492
183.22157287597656,-494.9019470214844,42.32228088378906
184.35882568359375,-494.9009704589844,42.3234748840332
185.49591064453125,-494.9002380371094,42.324668884277344
186.6328125,-494.89971923828125,42.325862884521484
187.76951599121094,-494.8994140625,42.327056884765625
188.90603637695312,-494.8993225097656,42.328250885009766
190.0423583984375,-494.8994445800781,42.329444885253906
191.17848205566406,-494.8997497558594,42.33063888549805
192.31439208984375,-494.9002380371094,42.33182907104492
193.45010375976562,-494.90093994140625,42.3330192565918
194.58558654785156,-494.9018249511719,42.33420944213867
195.72085571289062,-494.9028625488281,42.33539962768555
196.85589599609375,-494.9040832519531,42.33658981323242
197.99070739746094,-494.9054870605469,42.3377799987793
199.1252899169922,-494.90704345703125,42.33897018432617
200.25962829589844,-494.90875244140625,42.34016036987305
201.3937225341797,-494.9106140136719,42.34135055541992
202.52757263183594,-494.9126281738281,42.3425407409668
203.66116333007812,-494.9147644042969,42.34373092651367
204.79449462890625,-494.9170227050781,42.34491729736328
205.9275665283203,-494.91943359375,42.34610366821289
207.06036376953125,-494.9219665527344,42.3472900390625
208.19288635253906,-494.9245910644531,42.34847640991211
209.32513427734375,-494.9273376464844,42.34966278076172
210.4571075439453,-494.9302062988281,42.35084915161133
211.5887908935547,-494.93316650390625,42.35203552246094
212.72018432617188,-494.93621826171875,42.35322189331055
213.8512725830078,-494.9393615722656,42.354408264160156
214.9820556640625,-494.94256591796875,42.355594635009766
216.11253356933594,-494.94586181640625,42.356781005859375
217.24270629882812,-494.94921875,42.35796356201172
218.37255859375,-494.9526672363281,42.35914611816406
219.50209045410156,-494.9561767578125,42.360328674316406
220.6313018798828,-494.959716796875,42.36151123046875
221.7601776123047,-494.96331787109375,42.362693786621094
222.8887176513672,-494.9669494628906,42.36387634277344
224.0169219970703,-494.97064208984375,42.36505889892578
225.144775390625,-494.974365234375,42.366241455078125
226.27227783203125,-494.9781188964844,42.36742401123047
227.39942932128906,-494.98187255859375,42.36860656738281
228.52621459960938,-494.98565673828125,42.369789123535156
229.65264892578125,-494.98944091796875,42.370967864990234
230.77870178222656,-494.99322509765625,42.37214660644531
231.90438842773438,-494.99700927734375,42.37332534790039
233.02969360351562,-495.00079345703125,42.37450408935547
234.1546173095703,-495.00457763671875,42.37568283081055
235.27914428710938,-495.0083312988281,42.376861572265625
236.40328979492188,-495.0120849609375,42.3780403137207
237.52703857421875,-495.01580810546875,42.37921905517578
238.65037536621094,-495.0195007324219,42.38039779663086
239.7733154296875,-495.02313232421875,42.38157653808594
240.89584350585938,-495.0267333984375,42.382755279541016
242.0179443359375,-495.0302734375,42.38393020629883
243.13963317871094,-495.03375244140625,42.38510513305664
244.26089477539062,-495.03717041015625,42.38628005981445
245.3817138671875,-495.04052734375,42.387454986572266
246.50210571289062,-495.0438232421875,42.38862991333008
247.62205505371094,-495.0470275878906,42.38980484008789
248.74156188964844,-495.0501403808594,42.3909797668457
249.86061096191406,-495.05316162109375,42.392154693603516
250.9792022705078,-495.05609130859375,42.39332962036133
252.0973358154297,-495.0589294433594,42.39450454711914
253.2150115966797,-495.0616760253906,42.39567565917969
254.33221435546875,-495.0643005371094,42.396846771240234
255.44894409179688,-495.0668029785156,42.39801788330078
256.565185546875,-495.0691833496094,42.39918899536133
257.6809387207031,-495.0714416503906,42.400360107421875
258.79620361328125,-495.07354736328125,42.40153121948242
259.9109802246094,-495.0755310058594,42.40270233154297
261.0252685546875,-495.0773620605469,42.403873443603516
262.1390380859375,-495.07904052734375,42.40504455566406
263.2523193359375,-495.08056640625,42.40621566772461
264.3650817871094,-495.0819396972656,42.407386779785156
265.4773254394531,-495.0831298828125,42.40855407714844
266.58905029296875,-495.08416748046875,42.40972137451172
267.7002258300781,-495.08502197265625,42.410888671875
268.8108825683594,-495.085693359375,42.41205596923828
269.9209899902344,-495.086181640625,42.41322326660156
271.03057861328125,-495.0864562988281,42.414390563964844
272.1396179199219,-495.0865478515625,42.415557861328125
273.24810791015625,-495.08642578125,42.416725158691406
274.35601806640625,-495.0860900878906,42.41789245605469
275.46337890625,-495.0855407714844,42.41905975341797
276.5701904296875,-495.08477783203125,42.420223236083984
277.6764221191406,-495.0837707519531,42.42138671875
278.7820739746094,-495.08251953125,42.422550201416016
279.88714599609375,-495.0810546875,42.42371368408203
280.99163818359375,-495.0793151855469,42.42487716674805
282.0955505371094,-495.07733154296875,42.42604064941406
283.1988525390625,-495.0751037597656,42.42720413208008
284.3015441894531,-495.0726013183594,42.428367614746094
285.4036560058594,-495.0698547363281,42.42953109741211
286.5051574707031,-495.06683349609375,42.430694580078125
287.6060485839844,-495.0635070800781,42.431854248046875
288.706298828125,-495.0599060058594,42.433013916015625
289.8059387207031,-495.0560302734375,42.434173583984375
290.9049377441406,-495.0518493652344,42.435333251953125
292.0033264160156,-495.04736328125,42.436492919921875
293.10107421875,-495.0425720214844,42.437652587890625
294.19818115234375,-495.0374755859375,42.438812255859375
295.29461669921875,-495.0320739746094,42.439971923828125
296.3904113769531,-495.0263366699219,42.441131591796875
297.4855651855469,-495.020263671875,42.442291259765625
298.5800476074219,-495.01385498046875,42.44344711303711
299.6738586425781,-495.0071105957031,42.444602966308594
300.766845703125,-495.0,42.44575881958008
301.85931396484375,-494.9928894042969,42.43327713012695
302.95111083984375,-494.986083984375,42.39380645751953
304.0422058105469,-494.97955322265625,42.32777404785156
305.13262939453125,-494.97332763671875,42.23561096191406
306.22235107421875,-494.9673767089844,42.117740631103516
307.3113708496094,-494.9617004394531,41.97459411621094
308.3996887207031,-494.956298828125,41.806602478027344
309.4872741699219,-494.951171875,41.61418914794922
310.57415771484375,-494.9463195800781,41.39778518676758
311.6603088378906,-494.9417419433594,41.15781784057617
312.7457580566406,-494.9374084472656,40.894718170166016
313.8304748535156,-494.9333190917969,40.60891342163086
314.9144592285156,-494.92950439453125,40.30083084106445
315.9977111816406,-494.9259338378906,39.97089767456055
317.0802001953125,-494.9225769042969,39.619544982910156
318.1619567871094,-494.9194641113281,39.24720001220703
319.2429504394531,-494.9165954589844,38.85429382324219
320.32318115234375,-494.9139404296875,38.44124984741211
321.40264892578125,-494.9114990234375,38.00849914550781
322.4813537597656,-494.9093017578125,37.55646896362305
323.5592956542969,-494.9073181152344,37.08559036254883
324.6364440917969,-494.905517578125,36.596290588378906
325.71282958984375,-494.9039306640625,36.08899688720703
326.7884216308594,-494.9025573730469,35.56413650512695
327.86322021484375,-494.9013671875,35.02214050292969
328.9372253417969,-494.9003601074219,34.463436126708984
330.01043701171875,-494.8995666503906,33.88845443725586
331.08282470703125,-494.8989562988281,33.2976188659668
332.1544189453125,-494.89849853515625,32.69136047363281
333.2251892089844,-494.8982238769531,32.07011032104492
334.2951354980469,-494.89813232421875,31.43429183959961
335.3642578125,-494.898193359375,30.78433609008789
336.43255615234375,-494.8984069824219,30.12067222595215
337.5000305175781,-494.8988037109375,29.443727493286133
338.566650390625,-494.8993225097656,28.753929138183594
339.6324462890625,-494.8999938964844,28.051708221435547
340.6973876953125,-494.90081787109375,27.33749008178711
341.761474609375,-494.90179443359375,26.611705780029297
342.82470703125,-494.90289306640625,25.87478256225586
343.8870849609375,-494.90411376953125,25.127147674560547
344.9485778808594,-494.90545654296875,24.369232177734375
346.00921630859375,-494.90692138671875,23.601463317871094
347.0689697265625,-494.90850830078125,22.824268341064453
348.1278381347656,-494.91021728515625,22.038076400756836
349.1858215332031,-494.9120178222656,21.243316650390625
350.242919921875,-494.9139404296875,20.44041633605957
351.2991027832031,-494.91595458984375,19.629804611206055
352.3544006347656,-494.9180603027344,18.811908721923828
353.4087829589844,-494.9202575683594,17.987157821655273
354.4622497558594,-494.92254638671875,17.155981063842773
355.5148010253906,-494.9248962402344,16.318805694580078
356.5664367675781,-494.9273376464844,15.47606086730957
357.6171569824219,-494.9298400878906,14.628175735473633
358.66693115234375,-494.9324035644531,13.775577545166016
359.7157897949219,-494.93505859375,12.918694496154785
360.7637023925781,-494.937744140625,12.057955741882324
361.8106689453125,-494.94049072265625,11.1937894821167
362.856689453125,-494.94329833984375,10.326623916625977
363.9017333984375,-494.9461364746094,9.456887245178223
364.9458312988281,-494.94903564453125,8.58500862121582
365.98895263671875,-494.95196533203125,7.7114152908325195
367.0311279296875,-494.9549255371094,6.836536407470703
368.07232666015625,-494.9579162597656,5.9608001708984375
369.112548828125,-494.9609375,5.084635257720947
370.15179443359375,-494.9639587402344,4.208469867706299
371.1900329589844,-494.9670104980469,3.332732677459717
372.227294921875,-494.9700622558594,2.4578516483306885
373.2635498046875,-494.9731140136719,1.5842554569244385
374.2987976074219,-494.9761657714844,0.7123724222183228
375.3330383300781,-494.9792175292969,-0.15736901760101318
376.36627197265625,-494.9822692871094,-1.0245404243469238
377.39849853515625,-494.9853210449219,-1.8887135982513428
378.4296875,-494.98834228515625,-2.749459981918335
379.4598693847656,-494.9913330078125,-3.606351137161255
380.489013671875,-494.99432373046875,-4.458958625793457
381.5171203613281,-494.9972839355469,-5.306854248046875
382.544189453125,-495.00018310546875,-6.149609565734863
383.5702209472656,-495.0030517578125,-6.986795902252197
384.5951843261719,-495.0058898925781,-7.8179850578308105
385.6191101074219,-495.0086669921875,-8.642748832702637
386.6419677734375,-495.01141357421875,-9.46065902709961
387.66375732421875,-495.01409912109375,-10.271286010742188
388.6844787597656,-495.0167236328125,-11.074202537536621
389.7041320800781,-495.019287109375,-11.868980407714844
390.7226867675781,-495.0217590332031,-12.655190467834473
391.74017333984375,-495.024169921875,-13.432404518127441
392.7565612792969,-495.0264892578125,-14.200194358825684
393.7718505859375,-495.02874755859375,-14.958130836486816
394.7860412597656,-495.0309143066406,-15.70578670501709
395.79913330078125,-495.0329895019531,-16.442731857299805
396.8111267089844,-495.03497314453125,-17.16853904724121
397.822021484375,-495.0368347167969,-17.882780075073242
398.831787109375,-495.0386047363281,-18.58502769470215
399.8404235839844,-495.0402526855469,-19.274850845336914
400.8479309082031,-495.04180908203125,-19.95182228088379
401.85430908203125,-495.0432434082031,-20.615514755249023
402.85955810546875,-495.0445556640625,-21.265499114990234
403.8636779785156,-495.0457458496094,-21.90134620666504
404.86663818359375,-495.0467834472656,-22.522626876831055
405.8684387207031,-495.0476989746094,-23.12891387939453
406.8691101074219,-495.0484619140625,-23.71977996826172
407.86859130859375,-495.049072265625,-24.294795989990234
408.8669128417969,-495.049560546875,-24.853532791137695
409.86407470703125,-495.0498962402344,-25.39556312561035
410.86004638671875,-495.050048828125,-25.92045783996582
411.8548583984375,-495.050048828125,-26.42778778076172
412.8484802246094,-495.0498962402344,-26.917125701904297
413.8409118652344,-495.049560546875,-27.388042449951172
414.8321533203125,-495.0490417480469,-27.840110778808594
415.82220458984375,-495.04833984375,-28.27290153503418
416.81103515625,-495.0474548339844,-28.685985565185547
417.7986755371094,-495.04638671875,-29.078935623168945
418.78509521484375,-495.0451354980469,-29.451322555541992
419.7702941894531,-495.0436706542969,-29.802717208862305
420.7542724609375,-495.0420227050781,-30.132692337036133
421.7370300292969,-495.0401611328125,-30.440820693969727
422.7185363769531,-495.0380859375,-30.72667121887207
423.6988220214844,-495.0357971191406,-30.989818572998047
424.6778564453125,-495.0332946777344,-31.22983169555664
425.6556396484375,-495.0305480957031,-31.4462833404541
426.6321716308594,-495.027587890625,-31.638744354248047
427.6074523925781,-495.0243835449219,-31.806787490844727
428.58148193359375,-495.02093505859375,-31.949983596801758
429.5542297363281,-495.0172424316406,-32.06790542602539
430.5257263183594,-495.0133056640625,-32.16012191772461
431.4959411621094,-495.0091247558594,-32.2262077331543
432.4648742675781,-495.00469970703125,-32.26573181152344
433.4324951171875,-495.0,-32.278228759765625
434.3934020996094,-494.9952697753906,-32.27712631225586
435.3421936035156,-494.9906921386719,-32.276023864746094
436.2790222167969,-494.98626708984375,-32.274925231933594
437.2041015625,-494.98199462890625,-32.273826599121094
438.1175537109375,-494.9778747558594,-32.272727966308594
439.0195617675781,-494.9739074707031,-32.271629333496094
439.9103088378906,-494.9700927734375,-32.270530700683594
440.7899475097656,-494.9664306640625,-32.269432067871094
441.65863037109375,-494.962890625,-32.268333435058594
442.51654052734375,-494.9595031738281,-32.267234802246094
443.3638610839844,-494.95623779296875,-32.26613998413086
444.20074462890625,-494.953125,-32.265045166015625
445.02734375,-494.95013427734375,-32.26395034790039
445.8438415527344,-494.9472961425781,-32.262855529785156
446.650390625,-494.944580078125,-32.26176071166992
447.4471740722656,-494.9420166015625,-32.26066589355469
448.2343444824219,-494.9395751953125,-32.25957107543945
449.0120849609375,-494.937255859375,-32.25847625732422
449.7805480957031,-494.93505859375,-32.25738525390625
450.5398864746094,-494.9329833984375,-32.25629425048828
451.2903137207031,-494.9310302734375,-32.25520324707031
452.0319519042969,-494.92919921875,-32.254112243652344
452.7649841308594,-494.927490234375,-32.253021240234375
453.4895935058594,-494.9258728027344,-32.251930236816406
454.2059326171875,-494.92437744140625,-32.25083923339844
454.9141540527344,-494.9230041503906,-32.24974822998047
455.61444091796875,-494.9217224121094,-32.248661041259766
456.30694580078125,-494.9205627441406,-32.24757385253906
456.9918518066406,-494.91949462890625,-32.24648666381836
457.6693115234375,-494.91851806640625,-32.245399475097656
458.3395080566406,-494.91766357421875,-32.24431228637695
459.0025939941406,-494.9169006347656,-32.24322509765625
459.65875244140625,-494.9162292480469,-32.24213790893555
460.3081359863281,-494.9156494140625,-32.241050720214844
460.950927734375,-494.9151611328125,-32.239967346191406
461.5872802734375,-494.9147644042969,-32.23888397216797
462.2173767089844,-494.9144592285156,-32.23780059814453
462.84136962890625,-494.91424560546875,-32.236717224121094
463.45941162109375,-494.91412353515625,-32.235633850097656
464.0716857910156,-494.9140930175781,-32.23455047607422
464.6783752441406,-494.91412353515625,-32.23346710205078
465.2796325683594,-494.91424560546875,-32.232383728027344
465.8756103515625,-494.9144287109375,-32.23130416870117
466.46649169921875,-494.9147033691406,-32.230224609375
467.05242919921875,-494.9150390625,-32.22914505004883
467.63360595703125,-494.9154357910156,-32.228065490722656
468.2101745605469,-494.9159240722656,-32.226985931396484
468.7823181152344,-494.9164733886719,-32.22590637207031
469.3501892089844,-494.9170837402344,-32.22482681274414
469.9139709472656,-494.9177551269531,-32.223751068115234
470.47381591796875,-494.9184875488281,-32.22267532348633
471.0299072265625,-494.9192810058594,-32.22159957885742
471.5823974609375,-494.9201354980469,-32.220523834228516
472.1314392089844,-494.9210510253906,-32.21944808959961
472.6772155761719,-494.9219970703125,-32.2183723449707
473.21990966796875,-494.9230041503906,-32.2172966003418
473.7596740722656,-494.924072265625,-32.21622085571289
474.2966613769531,-494.9251708984375,-32.21514892578125
474.8310546875,-494.92633056640625,-32.21407699584961
475.3630065917969,-494.9275207519531,-32.21300506591797
475.8927001953125,-494.9287414550781,-32.21193313598633
476.4202880859375,-494.9300231933594,-32.21086120605469
476.9459533691406,-494.93133544921875,-32.20978927612305
477.4698486328125,-494.93267822265625,-32.208717346191406
477.9921569824219,-494.9340515136719,-32.20764923095703
478.5130310058594,-494.9354553222656,-32.206581115722656
479.03265380859375,-494.9368896484375,-32.20551300048828
479.5511779785156,-494.9383544921875,-32.204444885253906
480.0687561035156,-494.9398498535156,-32.20337677001953
480.5855712890625,-494.94134521484375,-32.202308654785156
481.101806640625,-494.94287109375,-32.20124053955078
481.61761474609375,-494.9444274902344,-32.200172424316406
482.1331481933594,-494.94598388671875,-32.1991081237793
482.6485900878906,-494.94757080078125,-32.19804382324219
483.1640930175781,-494.94915771484375,-32.19697952270508
483.6798400878906,-494.9507751464844,-32.19591522216797
484.1960144042969,-494.952392578125,-32.19485092163086
484.7127380371094,-494.9540100097656,-32.19378662109375
485.230224609375,-494.95562744140625,-32.19272232055664
485.74859619140625,-494.9572448730469,-32.1916618347168
486.2680358886719,-494.9588623046875,-32.19060134887695
486.7887268066406,-494.9604797363281,-32.18954086303711
487.3108215332031,-494.96209716796875,-32.188480377197266
487.8345031738281,-494.9637145996094,-32.18741989135742
488.35992431640625,-494.96533203125,-32.18635940551758
488.8872375488281,-494.9669494628906,-32.185298919677734
489.4166259765625,-494.9685363769531,-32.18423843383789
489.9482727050781,-494.9701232910156,-32.18318176269531
490.4823303222656,-494.9716796875,-32.182125091552734
491.0189514160156,-494.9732360839844,-32.181068420410156
491.5583190917969,-494.9747619628906,-32.18001174926758
492.1005859375,-494.9762878417969,-32.178955078125
492.64593505859375,-494.977783203125,-32.17789840698242
493.19451904296875,-494.979248046875,-32.176841735839844
493.74652099609375,-494.9806823730469,-32.17578887939453
494.3020935058594,-494.9820861816406,-32.17473602294922
494.8614196777344,-494.98345947265625,-32.173683166503906
495.4246520996094,-494.98480224609375,-32.172630310058594
495.9919738769531,-494.9861145019531,-32.17157745361328
496.56353759765625,-494.9873962402344,-32.17052459716797
497.1394958496094,-494.9886169433594,-32.169471740722656
497.72003173828125,-494.98980712890625,-32.16842269897461
498.3053283691406,-494.990966796875,-32.16737365722656
498.8955078125,-494.9920654296875,-32.166324615478516
499.49078369140625,-494.9931335449219,-32.16527557373047
500.09130859375,-494.994140625,-32.16422653198242
500.6972351074219,-494.9950866699219,-32.163177490234375
501.3087463378906,-494.9960021972656,-32.16212844848633
501.9259948730469,-494.9968566894531,-32.16108322143555
502.5491638183594,-494.9976501464844,-32.160037994384766
503.17840576171875,-494.9983825683594,-32.158992767333984
503.81390380859375,-494.9990539550781,-32.1579475402832
504.455810546875,-494.9996643066406,-32.15690231323242
505.1042785644531,-495.0002136230469,-32.15585708618164
505.759521484375,-495.0007019042969,-32.15481185913086
506.4216613769531,-495.0011291503906,-32.153770446777344
507.09088134765625,-495.00146484375,-32.15272903442383
507.7673645019531,-495.0017395019531,-32.15168762207031
508.4512634277344,-495.0019226074219,-32.1506462097168
509.1427307128906,-495.0020446777344,-32.14960479736328
509.8419494628906,-495.0020751953125,-32.148563385009766
510.549072265625,-495.0020446777344,-32.14752197265625
511.2642822265625,-495.0019226074219,-32.146484375
511.98773193359375,-495.001708984375,-32.14544677734375
512.7196044921875,-495.00140380859375,-32.1444091796875
513.4600830078125,-495.00103759765625,-32.14337158203125
514.2092895507812,-495.0005798339844,-32.142333984375
514.9673461914062,-495.0,-32.14129638671875
515.7305908203125,-494.9993591308594,-32.12662124633789
516.4949951171875,-494.9986572265625,-32.084957122802734
517.2605590820312,-494.9978942871094,-32.0167350769043
518.0272827148438,-494.9970703125,-31.922380447387695
518.7952270507812,-494.9961853027344,-31.802322387695312
519.5643920898438,-494.9952392578125,-31.6569881439209
520.3347778320312,-494.9942321777344,-31.48680877685547
521.1063842773438,-494.9931945800781,-31.29220962524414
521.8792114257812,-494.9920959472656,-31.07362174987793
522.6532592773438,-494.9909362792969,-30.831472396850586
523.4285888671875,-494.98974609375,-30.56618881225586
524.2052001953125,-494.9884948730469,-30.278202056884766
524.9830322265625,-494.9872131347656,-29.967937469482422
525.7621459960938,-494.9858703613281,-29.635826110839844
526.5425415039062,-494.9844970703125,-29.28229522705078
527.3242797851562,-494.98309326171875,-28.907772064208984
528.1072998046875,-494.9816589355469,-28.51268768310547
528.8916625976562,-494.9801940917969,-28.09746742248535
529.6773071289062,-494.9786682128906,-27.66254234313965
530.4642944335938,-494.97711181640625,-27.20833969116211
531.2526245117188,-494.97552490234375,-26.735286712646484
532.0423583984375,-494.9739074707031,-26.24381446838379
532.8334350585938,-494.9722900390625,-25.734350204467773
533.6258544921875,-494.97064208984375,-25.207321166992188
534.419677734375,-494.9689636230469,-24.663156509399414
535.2149047851562,-494.9672546386719,-24.102285385131836
536.0115356445312,-494.9655456542969,-23.525135040283203
536.8095703125,-494.96380615234375,-22.9321346282959
537.6090087890625,-494.9620666503906,-22.323711395263672
538.4098510742188,-494.9602966308594,-21.70029640197754
539.212158203125,-494.9585266113281,-21.062314987182617
540.0159301757812,-494.95672607421875,-20.410198211669922
540.8211669921875,-494.9549255371094,-19.74437141418457
541.6278686523438,-494.953125,-19.065265655517578
542.43603515625,-494.9513244628906,-18.373308181762695
543.2456665039062,-494.9494934082031,-17.668928146362305
544.0567626953125,-494.9476623535156,-16.952552795410156
544.869384765625,-494.9458312988281,-16.224611282348633
545.6835327148438,-494.9440002441406,-15.4855318069458
546.4992065429688,-494.94219970703125,-14.735743522644043
547.31640625,-494.9403991699219,-13.97567367553711
548.1351318359375,-494.9385986328125,-13.205751419067383
548.9553833007812,-494.9367980957031,-12.42640495300293
549.7772216796875,-494.9350280761719,-11.638062477111816
550.6006469726562,-494.9332580566406,-10.841153144836426
551.4255981445312,-494.9314880371094,-10.036104202270508
552.2521362304688,-494.92974853515625,-9.223344802856445
553.0802612304688,-494.9280090332031,-8.403303146362305
553.9100341796875,-494.9263000488281,-7.576407432556152
554.7413940429688,-494.92462158203125,-6.743086338043213
555.5744018554688,-494.9229431152344,-5.903768539428711
556.4089965820312,-494.9212951660156,-5.058881759643555
557.2452392578125,-494.919677734375,-4.208854675292969
558.0831298828125,-494.9180908203125,-3.3541159629821777
558.9226684570312,-494.9165344238281,-2.495093822479248
559.763916015625,-494.9150085449219,-1.6322166919708252
560.6068115234375,-494.91351318359375,-0.7659128904342651
561.451416015625,-494.91204833984375,0.10338914394378662
562.2977294921875,-494.9106140136719,0.9752609729766846
563.145751953125,-494.90924072265625,1.8492741584777832
563.9954833984375,-494.90789794921875,2.7250003814697266
564.846923828125,-494.9065856933594,3.602011203765869
565.7000732421875,-494.90533447265625,4.4798784255981445
566.5549926757812,-494.90411376953125,5.358173370361328
567.4116821289062,-494.9029541015625,6.2364678382873535
568.2700805664062,-494.9018249511719,7.114333152770996
569.1302490234375,-494.9007568359375,7.9913411140441895
569.9922485351562,-494.8997497558594,8.867063522338867
570.8560180664062,-494.8987731933594,9.741071701049805
571.7215576171875,-494.8978576660156,10.612936973571777
572.5889282226562,-494.8970031738281,11.482231140136719
573.4581298828125,-494.8962097167969,12.348526000976562
574.3291625976562,-494.8954772949219,13.211393356323242
575.2020263671875,-494.8948059082031,14.070404052734375
576.0767211914062,-494.8941955566406,14.925129890441895
576.9532470703125,-494.8936462402344,15.775142669677734
577.8316650390625,-494.8931884765625,16.620014190673828
578.7119140625,-494.8927917480469,17.45931625366211
579.5940551757812,-494.8924560546875,18.292619705200195
580.4780883789062,-494.8922119140625,19.119497299194336
581.364013671875,-494.89202880859375,19.93951988220215
582.2518310546875,-494.8919372558594,20.75225830078125
583.1416015625,-494.89190673828125,21.55728530883789
584.0332641601562,-494.8919677734375,22.354171752929688
584.9268798828125,-494.89208984375,23.14249038696289
585.8224487304688,-494.8923034667969,23.921812057495117
586.719970703125,-494.8926086425781,24.691707611083984
587.6194458007812,-494.89300537109375,25.451749801635742
588.5209350585938,-494.89349365234375,26.201509475708008
589.4243774414062,-494.8940734863281,26.9405574798584
590.329833984375,-494.8947448730469,27.668466567993164
591.2372436523438,-494.8955078125,28.384809494018555
592.1466674804688,-494.8963623046875,29.089155197143555
593.05810546875,-494.8973083496094,29.781076431274414
593.9716186523438,-494.8983459472656,30.460145950317383
594.8871459960938,-494.8995056152344,31.125934600830078
595.8047485351562,-494.9007568359375,31.778013229370117
596.724365234375,-494.902099609375,32.41595458984375
597.6460571289062,-494.903564453125,33.039329528808594
598.56982421875,-494.9051208496094,33.647708892822266
599.4956665039062,-494.90679931640625,34.240665435791016
600.4236450195312,-494.9085998535156,34.817771911621094
601.3536987304688,-494.9104919433594,35.378597259521484
602.285888671875,-494.9125061035156,35.92271423339844
603.2201538085938,-494.9146423339844,36.4496955871582
604.1565551757812,-494.9169006347656,36.959110260009766
605.0950927734375,-494.9192810058594,37.450531005859375
606.0357666015625,-494.9217834472656,37.92353057861328
606.9786376953125,-494.9244079589844,38.377681732177734
607.9236450195312,-494.9271545410156,38.81255340576172
608.870849609375,-494.9300231933594,39.227718353271484
609.8202514648438,-494.9330139160156,39.622745513916016
610.7718505859375,-494.9361572265625,39.99721145629883
611.7256469726562,-494.9394226074219,40.350685119628906
612.681640625,-494.94281005859375,40.682735443115234
613.6398315429688,-494.94635009765625,40.99293899536133
614.6002807617188,-494.95001220703125,41.28086471557617
615.56298828125,-494.9538269042969,41.546085357666016
616.5279541015625,-494.957763671875,41.788169860839844
617.4951782226562,-494.96185302734375,42.006690979003906
618.4646606445312,-494.9660949707031,42.20122146606445
619.4364013671875,-494.9704895019531,42.371334075927734
620.4104614257812,-494.97503662109375,42.516597747802734
621.3867797851562,-494.9797058105469,42.6365852355957
622.3654174804688,-494.9845275878906,42.73086929321289
623.3463745117188,-494.989501953125,42.79901885986328
624.3296508789062,-494.9946594238281,42.840606689453125
625.315185546875,-495.0,42.85527420043945
631.6513671875,-494.9896240234375,42.794639587402344
637.9510498046875,-494.8901672363281,42.60123825073242
644.214111328125,-494.7030334472656,42.27638626098633
650.4403076171875,-494.42962646484375,41.82140350341797
656.6294555664062,-494.0713806152344,41.23760986328125
662.7813110351562,-493.6296691894531,40.52632141113281
668.8956909179688,-493.1059265136719,39.68885803222656
674.9723510742188,-492.5015563964844,38.726539611816406
681.0111083984375,-491.8179626464844,37.640682220458984
687.01171875,-491.05657958984375,36.4326057434082
692.9739990234375,-490.2187805175781,35.10363006591797
698.8977661132812,-489.3059997558594,33.65507125854492
704.7827758789062,-488.31964111328125,32.08824920654297
710.6288452148438,-487.2611083984375,30.404483795166016
716.4357299804688,-486.1318359375,28.605093002319336
722.2032470703125,-484.9331970214844,26.691394805908203
727.93115234375,-483.6666259765625,24.664709091186523
733.6192626953125,-482.3335266113281,22.52635383605957
739.2673950195312,-480.935302734375,20.277647018432617
744.8753051757812,-479.473388671875,17.91990852355957
750.4428100585938,-477.94915771484375,15.454456329345703
755.9696655273438,-476.3640441894531,12.882608413696289
761.4556884765625,-474.7194519042969,10.205684661865234
766.900634765625,-473.01678466796875,7.4250030517578125
772.3043212890625,-471.2574462890625,4.541882514953613
777.6665649414062,-469.44287109375,1.5576419830322266
782.9871215820312,-467.574462890625,-1.526400089263916
788.2658081054688,-465.6535949707031,-4.708925247192383
793.5023803710938,-463.6817321777344,-7.988614082336426
798.6966552734375,-461.6602478027344,-11.36414909362793
803.848388671875,-459.5905456542969,-14.834210395812988
808.9573974609375,-457.47406005859375,-18.397480010986328
814.0234985351562,-455.31219482421875,-22.05263900756836
819.0464477539062,-453.1063537597656,-25.798368453979492
824.0260009765625,-450.8579406738281,-29.633350372314453
828.9619750976562,-448.5683898925781,-33.55626678466797
833.8541870117188,-446.2391052246094,-37.5657958984375
838.7024536132812,-443.8714599609375,-41.660621643066406
843.5065307617188,-441.4668884277344,-45.83942794799805
848.2661743164062,-439.0268249511719,-50.10089111328125
852.981201171875,-436.5526428222656,-54.443695068359375
857.6514282226562,-434.0457763671875,-58.866519927978516
862.276611328125,-431.50762939453125,-63.36804962158203
866.8565673828125,-428.9396057128906,-67.94696044921875
871.3910522460938,-426.3431091308594,-72.60193634033203
875.8798828125,-423.71954345703125,-77.33165740966797
880.3228149414062,-421.0703430175781,-82.13481140136719
884.7196655273438,-418.39691162109375,-87.01007080078125
889.0702514648438,-415.7006530761719,-91.95612335205078
893.3743286132812,-412.98297119140625,-96.97164916992188
897.6317138671875,-410.2452697753906,-102.05532836914062
901.8421630859375,-407.4889831542969,-107.20584106445312
906.0054931640625,-404.71551513671875,-112.42186737060547
910.1214599609375,-401.92626953125,-117.70209503173828
914.1898803710938,-399.1226501464844,-123.04520416259766
918.2105712890625,-396.3060607910156,-128.4498748779297
922.1832885742188,-393.4779357910156,-133.91477966308594
926.1077880859375,-390.6396789550781,-139.43861389160156
929.9839477539062,-387.7926940917969,-145.02005004882812
933.8115234375,-384.9383850097656,-150.65777587890625
937.5902709960938,-382.0781555175781,-156.3504638671875
941.3200073242188,-379.21343994140625,-162.0968017578125
945.00048828125,-376.34564208984375,-167.8954620361328
948.6315307617188,-373.47613525390625,-173.74513244628906
952.2129516601562,-370.60638427734375,-179.64450073242188
955.7445068359375,-367.7377624511719,-185.5922393798828
959.2260131835938,-364.8716735839844,-191.5870361328125
962.6572265625,-362.0095520019531,-197.6275634765625
966.0379638671875,-359.1528015136719,-203.71250915527344
969.3680419921875,-356.3028259277344,-209.84056091308594
972.647216796875,-353.4610290527344,-216.01039123535156
975.8753051757812,-350.62884521484375,-222.22067260742188
979.0520629882812,-347.80767822265625,-228.47010803222656
982.17724609375,-344.9989318847656,-234.7573699951172
985.250732421875,-342.2040100097656,-241.0811309814453
988.2722778320312,-339.42431640625,-247.44007873535156
991.2416381835938,-336.6612548828125,-253.83290100097656
994.1586303710938,-333.916259765625,-260.2582702636719
997.0230712890625,-331.19073486328125,-266.7148742675781
999.834716796875,-328.486083984375,-273.2013854980469
1002.5933837890625,-325.8037109375,-279.71649169921875
1005.298828125,-323.1450500488281,-286.2588806152344
1007.9508666992188,-320.511474609375,-292.82720947265625
1010.5492553710938,-317.9044189453125,-299.420166015625
1013.0938110351562,-315.3252868652344,-306.0364685058594
1015.5843505859375,-312.7754821777344,-312.67474365234375
1018.0206298828125,-310.2564392089844,-319.3337097167969
1020.4024658203125,-307.76953125,-326.0120544433594
1022.7296142578125,-305.3161926269531,-332.70843505859375
1025.0018310546875,-302.8978271484375,-339.4215393066406
1027.218994140625,-300.515869140625,-346.1500549316406
1029.380859375,-298.17169189453125,-352.89263916015625
1031.4871826171875,-295.8667297363281,-359.64801025390625
1033.537841796875,-293.60235595703125,-366.4148254394531
1035.5325927734375,-291.3800048828125,-373.1917724609375
1037.47119140625,-289.2010803222656,-379.9775390625
1039.3533935546875,-287.0670166015625,-386.7707824707031
1041.1790771484375,-284.97918701171875,-393.5702209472656
1042.947998046875,-282.93902587890625,-400.37451171875
1044.659912109375,-280.94793701171875,-407.1823425292969
1046.314697265625,-279.00732421875,-413.9924011230469
1047.9119873046875,-277.1186218261719,-420.8033447265625
1049.45166015625,-275.283203125,-427.6138916015625
1050.93359375,-273.50250244140625,-434.4226989746094
1052.357421875,-271.7779235839844,-441.22845458984375
1053.7230224609375,-270.1108703613281,-448.0298156738281
1055.0302734375,-268.50274658203125,-454.82550048828125
1056.27880859375,-266.9549865722656,-461.6141662597656
1057.468505859375,-265.468994140625,-468.3945007324219
1058.59912109375,-264.046142578125,-475.1651916503906
1059.67041015625,-262.6878967285156,-481.9249267578125
1060.6822509765625,-261.3956298828125,-488.67236328125
1061.6343994140625,-260.1707458496094,-495.40618896484375
1062.526611328125,-259.0146789550781,-502.1250915527344
1063.3587646484375,-257.9288330078125,-508.8277587890625
1064.130615234375,-256.91461181640625,-515.5128784179688
1064.8419189453125,-255.9734344482422,-522.1791381835938
1065.492431640625,-255.106689453125,-528.8251953125
1066.08203125,-254.31581115722656,-535.44970703125
1066.6103515625,-253.60218811035156,-542.0513916015625
1067.077392578125,-252.96725463867188,-548.62890625
1067.4827880859375,-252.4123992919922,-555.1809692382812
1067.826416015625,-251.9390411376953,-561.7062377929688
1068.1080322265625,-251.548583984375,-568.203369140625
1068.327392578125,-251.24244689941406,-574.6710815429688
1068.484375,-251.02203369140625,-581.1080932617188
1068.5787353515625,-250.8887481689453,-587.5130004882812
1068.6099853515625,-250.8436279296875,-593.884521484375
1068.610107421875,-250.84344482421875,-596.8132934570312
1068.6103515625,-250.8428955078125,-599.7537841796875
1068.6107177734375,-250.8419952392578,-602.7055053710938
1068.6112060546875,-250.8407440185547,-605.66796875
1068.61181640625,-250.8391571044922,-608.6408081054688
1068.612548828125,-250.8372344970703,-611.62353515625
1068.6134033203125,-250.83497619628906,-614.61572265625
1068.6143798828125,-250.8323974609375,-617.6168823242188
1068.6153564453125,-250.82949829101562,-620.6265869140625
1068.616455078125,-250.82627868652344,-623.6444091796875
1068.61767578125,-250.82275390625,-626.669921875
1068.6190185546875,-250.8189239501953,-629.70263671875
1068.6204833984375,-250.81478881835938,-632.7421264648438
1068.6220703125,-250.81036376953125,-635.7879638671875
1068.623779296875,-250.80564880371094,-638.8396606445312
1068.6256103515625,-250.8006591796875,-641.8967895507812
1068.62744140625,-250.79539489746094,-644.9589233398438
1068.62939453125,-250.78985595703125,-648.0255737304688
1068.6314697265625,-250.7840576171875,-651.0963134765625
1068.6336669921875,-250.7779998779297,-654.1707153320312
1068.6358642578125,-250.77169799804688,-657.248291015625
1068.63818359375,-250.76515197753906,-660.32861328125
1068.640625,-250.75836181640625,-663.4112548828125
1068.64306640625,-250.7513427734375,-666.4957885742188
1068.6456298828125,-250.7440948486328,-669.5817260742188
1068.6483154296875,-250.7366180419922,-672.6686401367188
1068.6510009765625,-250.7289276123047,-675.756103515625
1068.65380859375,-250.7210235595703,-678.8436279296875
1068.65673828125,-250.71290588378906,-681.9307861328125
1068.65966796875,-250.70458984375,-685.0171508789062
1068.6627197265625,-250.69607543945312,-688.1022338867188
1068.665771484375,-250.6873779296875,-691.1856079101562
1068.6689453125,-250.67849731445312,-694.266845703125
1068.672119140625,-250.66943359375,-697.345458984375
1068.6754150390625,-250.6602020263672,-700.4210205078125
1068.6787109375,-250.6508026123047,-703.4931030273438
1068.68212890625,-250.64125061035156,-706.561279296875
1068.685546875,-250.6315460205078,-709.6250610351562
1068.6890869140625,-250.62168884277344,-712.6840209960938
1068.692626953125,-250.6116943359375,-715.7376708984375
1068.6961669921875,-250.6015625,-718.78564453125
1068.6998291015625,-250.59129333496094,-721.8274536132812
1068.7034912109375,-250.58090209960938,-724.8626098632812
1068.707275390625,-250.5703887939453,-727.8907470703125
1068.7110595703125,-250.55975341796875,-730.911376953125
1068.71484375,-250.54901123046875,-733.924072265625
1068.71875,-250.5381622314453,-736.9283447265625
1068.72265625,-250.5272216796875,-739.9237670898438
1068.7265625,-250.5161895751953,-742.909912109375
1068.73046875,-250.50506591796875,-745.8862915039062
1068.7344970703125,-250.49386596679688,-748.8525390625
1068.738525390625,-250.4825897216797,-751.8081665039062
1068.7425537109375,-250.47125244140625,-754.752685546875
1068.74658203125,-250.45985412597656,-757.6856689453125
1068.7506103515625,-250.44839477539062,-760.606689453125
1068.754638671875,-250.4368896484375,-763.5153198242188
1068.7587890625,-250.4253387451172,-766.4110717773438
1068.762939453125,-250.4137420654297,-769.2935180664062
1068.76708984375,-250.40211486816406,-772.1622314453125
1068.771240234375,-250.3904571533203,-775.0167846679688
1068.775390625,-250.37876892089844,-777.856689453125
1068.779541015625,-250.3670654296875,-780.6815185546875
1068.78369140625,-250.3553466796875,-783.4907836914062
1068.787841796875,-250.3436279296875,-786.2840576171875
1068.7919921875,-250.3319091796875,-789.0609130859375
1068.796142578125,-250.3201904296875,-791.8209228515625
1068.80029296875,-250.30848693847656,-794.5635986328125
1068.804443359375,-250.2967987060547,-797.2885131835938
1068.80859375,-250.28514099121094,-799.9952392578125
1068.812744140625,-250.2735137939453,-802.6832885742188
1068.81689453125,-250.2619171142578,-805.3522338867188
1068.821044921875,-250.2503662109375,-808.0016479492188
1068.8250732421875,-250.23886108398438,-810.6310424804688
1068.8291015625,-250.22740173339844,-813.239990234375
1068.8331298828125,-250.21600341796875,-815.8280639648438
1068.837158203125,-250.2046661376953,-818.394775390625
1068.8411865234375,-250.19338989257812,-820.9397583007812
1068.84521484375,-250.18218994140625,-823.4624633789062
1068.84912109375,-250.1710662841797,-825.9625244140625
1068.85302734375,-250.1600341796875,-828.439453125
1068.85693359375,-250.1490936279297,-830.892822265625
1068.86083984375,-250.13824462890625,-833.3222045898438
1068.8646240234375,-250.12750244140625,-835.7271118164062
1068.868408203125,-250.1168670654297,-838.1071166992188
1068.8721923828125,-250.10635375976562,-840.4617919921875
1068.8758544921875,-250.09596252441406,-842.7906494140625
1068.8795166015625,-250.085693359375,-845.09326171875
1068.883056640625,-250.0755615234375,-847.3692016601562
1068.8865966796875,-250.06556701660156,-849.6180419921875
1068.89013671875,-250.0557098388672,-851.8392944335938
1068.8935546875,-250.04600524902344,-854.0325317382812
1068.89697265625,-250.0364532470703,-856.197265625
1068.9002685546875,-250.0270538330078,-858.3330688476562
1068.903564453125,-250.017822265625,-860.4395141601562
1068.90673828125,-250.00875854492188,-862.5161743164062
1068.909912109375,-249.9998779296875,-864.5625610351562
1068.9129638671875,-249.99118041992188,-866.5782470703125
1068.916015625,-249.982666015625,-868.5628051757812
1068.9189453125,-249.97434997558594,-870.5157470703125
1068.921875,-249.9662322998047,-872.4366455078125
1068.9246826171875,-249.9583282470703,-874.3250732421875
1068.9273681640625,-249.9506378173828,-876.1806030273438
1068.9300537109375,-249.9431610107422,-878.0027465820312
1068.9326171875,-249.9359130859375,-879.7910766601562
1068.93505859375,-249.92889404296875,-881.5451049804688
1068.9375,-249.92210388183594,-883.264404296875
1068.9398193359375,-249.91555786132812,-884.9485473632812
1068.9420166015625,-249.9092559814453,-886.5971069335938
1068.9442138671875,-249.9031982421875,-888.2095947265625
1068.9462890625,-249.89739990234375,-889.7855834960938
1068.9482421875,-249.89186096191406,-891.3246459960938
1068.9500732421875,-249.8865966796875,-892.8262939453125
1068.951904296875,-249.88160705566406,-894.2901000976562
1068.95361328125,-249.87689208984375,-895.7156372070312
1068.9552001953125,-249.87246704101562,-897.1024780273438
1068.9566650390625,-249.8683319091797,-898.4501342773438
1068.9580078125,-249.864501953125,-899.7581176757812
1068.959228515625,-249.86097717285156,-901.0260620117188
1068.9603271484375,-249.85775756835938,-902.2534790039062
1068.9613037109375,-249.8548583984375,-903.43994140625
1068.9622802734375,-249.85227966308594,-904.5850219726562
1068.963134765625,-249.8500213623047,-905.688232421875
1068.9638671875,-249.8480987548828,-906.7491455078125
1068.9644775390625,-249.8465118408203,-907.767333984375
1068.9649658203125,-249.8452606201172,-908.7423095703125
1068.96533203125,-249.8443603515625,-909.6736450195312
1068.965576171875,-249.84381103515625,-910.5609130859375